category,sub_category,gift_name,price,occasion_type,gift_url,gift_image_url
뷰티,스킨케어,달바 비건 오리지널 미스트 세럼 선물 세트 (100ml+50ml),31900,,https://gift.kakao.com/product/5392498?tab=review&sortProperty=SCORE,https://carefli-github-actions-s3-bucket.s3.ap-northeast-2.amazonaws.com/giftImages/%E1%84%83%E1%85%A1%E1%86%AF%E1%84%87%E1%85%A1.jpeg
뷰티,스킨케어,가히 멀티밤 9g & 아이밤 9g,41000,,https://gift.kakao.com/product/4528684,https://carefli-github-actions-s3-bucket.s3.ap-northeast-2.amazonaws.com/giftImages/%E1%84%80%E1%85%A1%E1%84%92%E1%85%B5%E1%84%86%E1%85%A5%E1%86%AF%E1%84%90%E1%85%B5%E1%84%87%E1%85%A1%E1%86%B7.jpeg
뷰티,향기,산타마리아노벨라 피렌체 1221 에디션 향수 디스커버리 세트 (2ml*8개),42000,,https://gift.kakao.com/product/3154325,https://carefli-github-actions-s3-bucket.s3.ap-northeast-2.amazonaws.com/giftImages/%5B%E1%84%83%E1%85%A1%E1%86%AB%E1%84%83%E1%85%A9%E1%86%A8%E1%84%91%E1%85%A1%E1%86%AB%E1%84%86%E1%85%A2%5D+%E1%84%91%E1%85%B5%E1%84%85%E1%85%A6%E1%86%AB%E1%84%8E%E1%85%A6+1221+%E1%84%8B%E1%85%A6%E1%84%83%E1%85%B5%E1%84%89%E1%85%A7%E1%86%AB+%E1%84%92%E1%85%A3%E1%86%BC%E1%84%89%E1%85%AE+%E1%84%83%E1%85%B5%E1%84%89%E1%85%B3%E1%84%8F%E1%85%A5%E1%84%87%E1%85%A5%E1%84%85%E1%85%B5+%E1%84%89%E1%85%A6%E1%84%90%E1%85%B3.png
뷰티,스킨케어,탬버린즈 미니 퍼퓸 핸드크림,18500,,https://gift.kakao.com/product/2383671,https://carefli-github-actions-s3-bucket.s3.ap-northeast-2.amazonaws.com/giftImages/%5B%E1%84%83%E1%85%A1%E1%86%AB%E1%84%83%E1%85%A9%E1%86%A8%3A%E1%84%89%E1%85%A5%E1%86%AB%E1%84%86%E1%85%AE%E1%86%AF%E1%84%91%E1%85%A9%E1%84%8C%E1%85%A1%E1%86%BC%5D+NEW+%E1%84%86%E1%85%B5%E1%84%82%E1%85%B5+%E1%84%91%E1%85%A5%E1%84%91%E1%85%B2%E1%86%B7+%E1%84%92%E1%85%A2%E1%86%AB%E1%84%83%E1%85%B3%E1%84%8F%E1%85%B3%E1%84%85%E1%85%B5%E1%86%B7.jpeg
뷰티,스킨케어,조말론 코롱 앤 핸드 크림 듀오,80000,,https://gift.kakao.com/product/7653553,https://carefli-github-actions-s3-bucket.s3.ap-northeast-2.amazonaws.com/giftImages/%5B%E1%84%83%E1%85%A1%E1%86%AB%E1%84%83%E1%85%A9%E1%86%A8%3A%E1%84%89%E1%85%A5%E1%86%AB%E1%84%86%E1%85%AE%E1%86%AF%E1%84%91%E1%85%A9%E1%84%8C%E1%85%A1%E1%86%BC%5D+%E1%84%8F%E1%85%A9%E1%84%85%E1%85%A9%E1%86%BC+%E1%84%8B%E1%85%A2%E1%86%AB+%E1%84%92%E1%85%A2%E1%86%AB%E1%84%83%E1%85%B3+%E1%84%8F%E1%85%B3%E1%84%85%E1%85%B5%E1%86%B7+%E1%84%83%E1%85%B2%E1%84%8B%E1%85%A9+(%2B%E1%84%91%E1%85%A2%E1%84%87%E1%85%B3%E1%84%85%E1%85%B5%E1%86%A8+%E1%84%91%E1%85%A2%E1%84%8E%E1%85%B5).jpeg
뷰티,화장품,디올 NEW 립 글로우,50000,,https://gift.kakao.com/product/2259144,https://carefli-github-actions-s3-bucket.s3.ap-northeast-2.amazonaws.com/giftImages/%5B%E1%84%80%E1%85%A1%E1%86%A8%E1%84%8B%E1%85%B5%E1%86%AB%3A%E1%84%89%E1%85%A5%E1%86%AB%E1%84%86%E1%85%AE%E1%86%AF%E1%84%91%E1%85%A9%E1%84%8C%E1%85%A1%E1%86%BC%5D+NEW+%E1%84%85%E1%85%B5%E1%86%B8+%E1%84%80%E1%85%B3%E1%86%AF%E1%84%85%E1%85%A9%E1%84%8B%E1%85%AE.jpeg
뷰티,향기,록시땅 집들이선물 아로마 릴랙싱 롤온 & 필로우 미스트 기프트,64000,,https://gift.kakao.com/product/9312538,https://carefli-github-actions-s3-bucket.s3.ap-northeast-2.amazonaws.com/giftImages/%5B%E1%84%83%E1%85%A1%E1%86%AB%E1%84%83%E1%85%A9%E1%86%A8%5D+%22%E1%84%8C%E1%85%B5%E1%86%B8%E1%84%83%E1%85%B3%E1%86%AF%E1%84%8B%E1%85%B5%E1%84%89%E1%85%A5%E1%86%AB%E1%84%86%E1%85%AE%E1%86%AF%22+%E1%84%8B%E1%85%A1%E1%84%85%E1%85%A9%E1%84%86%E1%85%A1+%E1%84%85%E1%85%B5%E1%86%AF%E1%84%85%E1%85%A2%E1%86%A8%E1%84%89%E1%85%B5%E1%86%BC+%E1%84%85%E1%85%A9%E1%86%AF%E1%84%8B%E1%85%A9%E1%86%AB+%26+%E1%84%91%E1%85%B5%E1%86%AF%E1%84%85%E1%85%A9%E1%84%8B%E1%85%AE+%E1%84%86%E1%85%B5%E1%84%89%E1%85%B3%E1%84%90%E1%85%B3+%E1%84%80%E1%85%B5%E1%84%91%E1%85%B3%E1%84%90%E1%85%B3.jpeg
뷰티,스킨케어,러쉬 로맨틱 꽃 향기 배쓰 밤/입욕제 (4종 택1),14000,,https://gift.kakao.com/product/7427816,https://carefli-github-actions-s3-bucket.s3.ap-northeast-2.amazonaws.com/giftImages/%5B%2B%E1%84%89%E1%85%A5%E1%86%AB%E1%84%86%E1%85%AE%E1%86%AF%E1%84%91%E1%85%A9%E1%84%8C%E1%85%A1%E1%86%BC%5D+%22%E1%84%85%E1%85%A9%E1%84%86%E1%85%A2%E1%86%AB%E1%84%90%E1%85%B5%E1%86%A8+%E1%84%81%E1%85%A9%E1%86%BE+%E1%84%92%E1%85%A3%E1%86%BC%E1%84%80%E1%85%B5%22+%E1%84%85%E1%85%A5%E1%84%89%E1%85%B1+%E1%84%87%E1%85%A2%E1%84%8A%E1%85%B3+%E1%84%87%E1%85%A1%E1%86%B7%3A%E1%84%8B%E1%85%B5%E1%86%B8%E1%84%8B%E1%85%AD%E1%86%A8%E1%84%8C%E1%85%A6+(4%E1%84%8C%E1%85%A9%E1%86%BC+%E1%84%90%E1%85%A2%E1%86%A81).jpeg
뷰티,화장품,입생로랑 캔디 글로우 립밤,49000,,https://gift.kakao.com/product/9623909,https://carefli-github-actions-s3-bucket.s3.ap-northeast-2.amazonaws.com/giftImages/%5B%E1%84%83%E1%85%A1%E1%86%AB%E1%84%83%E1%85%A9%E1%86%A8%E1%84%80%E1%85%A1%E1%86%A8%E1%84%8B%E1%85%B5%E1%86%AB%5D+NEW+%E1%84%8F%E1%85%A2%E1%86%AB%E1%84%83%E1%85%B5+%E1%84%80%E1%85%B3%E1%86%AF%E1%84%85%E1%85%A9%E1%84%8B%E1%85%AE+%E1%84%85%E1%85%B5%E1%86%B8%E1%84%87%E1%85%A1%E1%86%B7.jpeg
뷰티,스킨케어,이솝 레저렉션 아로마틱 핸드 밤,39000,,https://gift.kakao.com/product/1163432,https://carefli-github-actions-s3-bucket.s3.ap-northeast-2.amazonaws.com/giftImages/%E1%84%85%E1%85%A6%E1%84%8C%E1%85%A5%E1%84%85%E1%85%A6%E1%86%A8%E1%84%89%E1%85%A7%E1%86%AB+%E1%84%8B%E1%85%A1%E1%84%85%E1%85%A9%E1%84%86%E1%85%A1%E1%84%90%E1%85%B5%E1%86%A8+%E1%84%92%E1%85%A2%E1%86%AB%E1%84%83%E1%85%B3+%E1%84%87%E1%85%A1%E1%86%B7.jpeg
뷰티,화장품,멜릭서 비건 립 버터 듀오 (12종 중 택2),24000,,https://gift.kakao.com/product/3712419?tab=review&sortProperty=SCORE,https://carefli-github-actions-s3-bucket.s3.ap-northeast-2.amazonaws.com/giftImages/%5B%E1%84%83%E1%85%A1%E1%86%AB%E1%84%83%E1%85%A9%E1%86%A8%3A%E1%84%89%E1%85%A5%E1%86%AB%E1%84%86%E1%85%AE%E1%86%AF%E1%84%91%E1%85%A9%E1%84%8C%E1%85%A1%E1%86%BC%5D+%E1%84%87%E1%85%B5%E1%84%80%E1%85%A5%E1%86%AB+%E1%84%85%E1%85%B5%E1%86%B8+%E1%84%87%E1%85%A5%E1%84%90%E1%85%A5+%E1%84%83%E1%85%B2%E1%84%8B%E1%85%A9+(12%E1%84%8C%E1%85%A9%E1%86%BC+%E1%84%8C%E1%85%AE%E1%86%BC+%E1%84%90%E1%85%A2%E1%86%A82).jpeg
뷰티,화장품,버츠비 모이스처라이징 립밤*2개 4.25g (종류 택2),8400,,https://gift.kakao.com/product/686579,https://carefli-github-actions-s3-bucket.s3.ap-northeast-2.amazonaws.com/giftImages/%E1%84%87%E1%85%A5%E1%84%8E%E1%85%B3%E1%84%87%E1%85%B5+%E1%84%86%E1%85%A9%E1%84%8B%E1%85%B5%E1%84%89%E1%85%B3%E1%84%8E%E1%85%A5%E1%84%85%E1%85%A1%E1%84%8B%E1%85%B5%E1%84%8C%E1%85%B5%E1%86%BC+%E1%84%85%E1%85%B5%E1%86%B8%E1%84%87%E1%85%A1%E1%86%B7*2%E1%84%80%E1%85%A2+4.25g+(%E1%84%8C%E1%85%A9%E1%86%BC%E1%84%85%E1%85%B2+%E1%84%90%E1%85%A2%E1%86%A82).jpeg
뷰티,향기,딥티크 오드뚜왈렛 50ml (10종 택1),176000,,https://gift.kakao.com/product/3807173,https://carefli-github-actions-s3-bucket.s3.ap-northeast-2.amazonaws.com/giftImages/%5B%E1%84%89%E1%85%A5%E1%86%AB%E1%84%86%E1%85%AE%E1%86%AF%E1%84%91%E1%85%A9%E1%84%8C%E1%85%A1%E1%86%BC%5D+%E1%84%8B%E1%85%A9%E1%84%83%E1%85%B3%E1%84%84%E1%85%AE%E1%84%8B%E1%85%AA%E1%86%AF%E1%84%85%E1%85%A6%E1%86%BA+50ml+(10%E1%84%8C%E1%85%A9%E1%86%BC+%E1%84%90%E1%85%A2%E1%86%A81).jpeg
주류,식기,나만의 비어캔 맥주잔 특별한 각인 술잔,23900,,https://gift.kakao.com/product/10028370,https://carefli-github-actions-s3-bucket.s3.ap-northeast-2.amazonaws.com/giftImages/%E1%84%82%E1%85%A1%E1%84%86%E1%85%A1%E1%86%AB%E1%84%8B%E1%85%B4+%E1%84%87%E1%85%B5%E1%84%8B%E1%85%A5%E1%84%8F%E1%85%A2%E1%86%AB+%E1%84%86%E1%85%A2%E1%86%A8%E1%84%8C%E1%85%AE%E1%84%8C%E1%85%A1%E1%86%AB+%E1%84%90%E1%85%B3%E1%86%A8%E1%84%87%E1%85%A7%E1%86%AF%E1%84%92%E1%85%A1%E1%86%AB+%E1%84%80%E1%85%A1%E1%86%A8%E1%84%8B%E1%85%B5%E1%86%AB+%E1%84%89%E1%85%AE%E1%86%AF%E1%84%8C%E1%85%A1%E1%86%AB+%E1%84%82%E1%85%A1%E1%86%B7%E1%84%8C%E1%85%A1+%E1%84%8B%E1%85%A7%E1%84%8C%E1%85%A1.png
주류,식기,술잔 주인님 핸드메이드 강아지,19800,,https://gift.kakao.com/product/7280651,https://carefli-github-actions-s3-bucket.s3.ap-northeast-2.amazonaws.com/giftImages/%E1%84%89%E1%85%AE%E1%86%AF%E1%84%8C%E1%85%A1%E1%86%AB+%E1%84%8C%E1%85%AE%E1%84%8B%E1%85%B5%E1%86%AB%E1%84%82%E1%85%B5%E1%86%B7+%E1%84%92%E1%85%A2%E1%86%AB%E1%84%83%E1%85%B3%E1%84%86%E1%85%A6%E1%84%8B%E1%85%B5%E1%84%83%E1%85%B3+%E1%84%80%E1%85%A1%E1%86%BC%E1%84%8B%E1%85%A1%E1%84%8C%E1%85%B5+%5B%E1%84%89%E1%85%A9%E1%84%8C%E1%85%AE%E1%84%8C%E1%85%A1%E1%86%AB+%E1%84%83%E1%85%A9%E1%84%8F%E1%85%AE%E1%84%85%E1%85%B5+%E1%84%89%E1%85%B5%E1%86%AB%E1%84%92%E1%85%A9%E1%86%AB%E1%84%87%E1%85%AE%E1%84%87%E1%85%AE+%E1%84%8C%E1%85%A1%E1%84%8E%E1%85%B1.png
주류,식기,이첸도르프 투투 화이트와인 글래스 2P 세트,58000,,https://gift.kakao.com/product/9185098,https://carefli-github-actions-s3-bucket.s3.ap-northeast-2.amazonaws.com/giftImages/%5B%E1%84%83%E1%85%A5%E1%84%8F%E1%85%A9%E1%86%AB%E1%84%85%E1%85%A1%E1%86%AB%E1%84%89%E1%85%A3%E1%86%B8%5D+%E1%84%8B%E1%85%B5%E1%84%8E%E1%85%A6%E1%86%AB%E1%84%83%E1%85%A9%E1%84%85%E1%85%B3%E1%84%91%E1%85%B3+%E1%84%90%E1%85%AE%E1%84%90%E1%85%AE+%E1%84%92%E1%85%AA%E1%84%8B%E1%85%B5%E1%84%90%E1%85%B3%E1%84%8B%E1%85%AA%E1%84%8B%E1%85%B5%E1%86%AB+%E1%84%80%E1%85%B3%E1%86%AF%E1%84%85%E1%85%A2%E1%84%89%E1%85%B3+2P+%E1%84%89%E1%85%A6%E1%84%90%E1%85%B3.png
주류,식기,로얄리프 발베니 언더&위스키잔 2p,31500,,https://gift.kakao.com/product/10012446,https://carefli-github-actions-s3-bucket.s3.ap-northeast-2.amazonaws.com/giftImages/%5B%E1%84%85%E1%85%A9%E1%86%BA%E1%84%83%E1%85%A6%E1%84%87%E1%85%A2%E1%86%A8%E1%84%92%E1%85%AA%E1%84%8C%E1%85%A5%E1%86%B7%5D%E1%84%85%E1%85%A9%E1%84%8B%E1%85%A3%E1%86%AF%E1%84%85%E1%85%B5%E1%84%91%E1%85%B3+%E1%84%87%E1%85%A1%E1%86%AF%E1%84%87%E1%85%A6%E1%84%82%E1%85%B5+%E1%84%8B%E1%85%A5%E1%86%AB%E1%84%83%E1%85%A5%26%E1%84%8B%E1%85%B1%E1%84%89%E1%85%B3%E1%84%8F%E1%85%B5%E1%84%8C%E1%85%A1%E1%86%AB+2p.jpeg
커피음료,금액권,스타벅스 e카드 3만원 교환권,30000,,https://gift.kakao.com/product/7892035,https://carefli-github-actions-s3-bucket.s3.ap-northeast-2.amazonaws.com/giftImages/e%E1%84%8F%E1%85%A1%E1%84%83%E1%85%B3+3%E1%84%86%E1%85%A1%E1%86%AB%E1%84%8B%E1%85%AF%E1%86%AB+%E1%84%80%E1%85%AD%E1%84%92%E1%85%AA%E1%86%AB%E1%84%80%E1%85%AF%E1%86%AB.jpeg
커피음료,상품권,스타벅스 아이스 카페 아메리카노 T 2잔 + 부드러운 생크림 카스텔라,13500,,https://gift.kakao.com/product/7892633,https://carefli-github-actions-s3-bucket.s3.ap-northeast-2.amazonaws.com/giftImages/%E1%84%8F%E1%85%A1%E1%84%91%E1%85%A6+%E1%84%8B%E1%85%A1%E1%84%86%E1%85%A6%E1%84%85%E1%85%B5%E1%84%8F%E1%85%A1%E1%84%82%E1%85%A9+T+2%E1%84%8C%E1%85%A1%E1%86%AB+%2B+%E1%84%87%E1%85%AE%E1%84%83%E1%85%B3%E1%84%85%E1%85%A5%E1%84%8B%E1%85%AE%E1%86%AB+%E1%84%89%E1%85%A2%E1%86%BC%E1%84%8F%E1%85%B3%E1%84%85%E1%85%B5%E1%86%B7+%E1%84%8F%E1%85%A1%E1%84%89%E1%85%B3%E1%84%90%E1%85%A6%E1%86%AF%E1%84%85%E1%85%A1.jpeg
커피음료,상품권,스타벅스 아이스 카페 아메리카노 T,4500,,https://gift.kakao.com/product/7892461,https://carefli-github-actions-s3-bucket.s3.ap-northeast-2.amazonaws.com/giftImages/%E1%84%8B%E1%85%A1%E1%84%8B%E1%85%B5%E1%84%89%E1%85%B3+%E1%84%8F%E1%85%A1%E1%84%91%E1%85%A6+%E1%84%8B%E1%85%A1%E1%84%86%E1%85%A6%E1%84%85%E1%85%B5%E1%84%8F%E1%85%A1%E1%84%82%E1%85%A9+T.jpeg
커피음료,상품권,이디야커피 아망추 (복숭아) (R),3900,,https://gift.kakao.com/product/9994523,https://carefli-github-actions-s3-bucket.s3.ap-northeast-2.amazonaws.com/giftImages/%E1%84%8B%E1%85%A1%E1%84%86%E1%85%A1%E1%86%BC%E1%84%8E%E1%85%AE+(%E1%84%87%E1%85%A9%E1%86%A8%E1%84%89%E1%85%AE%E1%86%BC%E1%84%8B%E1%85%A1)+(R).jpeg
커피음료,금액권,공차 디지털 상품권 2만원권,20000,,https://gift.kakao.com/product/10372816,https://carefli-github-actions-s3-bucket.s3.ap-northeast-2.amazonaws.com/giftImages/%E1%84%80%E1%85%A9%E1%86%BC%E1%84%8E%E1%85%A1+%E1%84%83%E1%85%B5%E1%84%8C%E1%85%B5%E1%84%90%E1%85%A5%E1%86%AF+%E1%84%89%E1%85%A1%E1%86%BC%E1%84%91%E1%85%AE%E1%86%B7%E1%84%80%E1%85%AF%E1%86%AB+2%E1%84%86%E1%85%A1%E1%86%AB%E1%84%8B%E1%85%AF%E1%86%AB%E1%84%80%E1%85%AF%E1%86%AB.png
디저트,디저트,옐로우 초콜릿박스 과자 간식 초콜릿 선물 세트 (수능 시험 합격 선물),30000,,https://gift.kakao.com/product/86205,https://carefli-github-actions-s3-bucket.s3.ap-northeast-2.amazonaws.com/giftImages/%22%E1%84%80%E1%85%A1%E1%86%AB%E1%84%89%E1%85%B5%E1%86%A8%E1%84%89%E1%85%A5%E1%86%AB%E1%84%86%E1%85%AE%E1%86%AF+%E1%84%8E%E1%85%AE%E1%84%8E%E1%85%A5%E1%86%AB%22+%E1%84%8B%E1%85%A8%E1%86%AF%E1%84%85%E1%85%A9%E1%84%8B%E1%85%AE+%E1%84%8E%E1%85%A9%E1%84%8F%E1%85%A9%E1%86%AF%E1%84%85%E1%85%B5%E1%86%BA%E1%84%87%E1%85%A1%E1%86%A8%E1%84%89%E1%85%B3+%E1%84%80%E1%85%AA%E1%84%8C%E1%85%A1+%E1%84%80%E1%85%A1%E1%86%AB%E1%84%89%E1%85%B5%E1%86%A8+%E1%84%8E%E1%85%A9%E1%84%8F%E1%85%A9%E1%86%AF%E1%84%85%E1%85%B5%E1%86%BA+%E1%84%89%E1%85%A5%E1%86%AB%E1%84%86%E1%85%AE%E1%86%AF+%E1%84%89%E1%85%A6%E1%84%90%E1%85%B3+(%E1%84%89%E1%85%AE%E1%84%82%E1%85%B3%E1%86%BC+%E1%84%89%E1%85%B5%E1%84%92%E1%85%A5%E1%86%B7+%E1%84%92%E1%85%A1%E1%86%B8%E1%84%80%E1%85%A7%E1%86%A8+%E1%84%89%E1%85%A5%E1%86%AB%E1%84%86%E1%85%AE%E1%86%AF).jpeg
디저트,디저트,초코브라우니설빙,12900,,https://gift.kakao.com/product/7359298,https://carefli-github-actions-s3-bucket.s3.ap-northeast-2.amazonaws.com/giftImages/%E1%84%8E%E1%85%A9%E1%84%8F%E1%85%A9%E1%84%87%E1%85%B3%E1%84%85%E1%85%A1%E1%84%8B%E1%85%AE%E1%84%82%E1%85%B5%E1%84%89%E1%85%A5%E1%86%AF%E1%84%87%E1%85%B5%E1%86%BC.jpeg
디저트,디저트,스타벅스 부드러운 티라미수 롤케이크,22900,,https://gift.kakao.com/product/6508069,https://carefli-github-actions-s3-bucket.s3.ap-northeast-2.amazonaws.com/giftImages/%22%E1%84%83%E1%85%A1%E1%86%AF%E1%84%8F%E1%85%A9%E1%86%B7%E1%84%92%E1%85%A1%E1%86%AB+%E1%84%8E%E1%85%A9%E1%84%8F%E1%85%A9+%E1%84%89%E1%85%B5%E1%84%90%E1%85%B3%22+%E1%84%89%E1%85%B3%E1%84%90%E1%85%A1%E1%84%87%E1%85%A5%E1%86%A8%E1%84%89%E1%85%B3+%E1%84%87%E1%85%AE%E1%84%83%E1%85%B3%E1%84%85%E1%85%A5%E1%84%8B%E1%85%AE%E1%86%AB+%E1%84%90%E1%85%B5%E1%84%85%E1%85%A1%E1%84%86%E1%85%B5%E1%84%89%E1%85%AE+%E1%84%85%E1%85%A9%E1%86%AF%E1%84%8F%E1%85%A6%E1%84%8B%E1%85%B5%E1%84%8F%E1%85%B3.jpeg
디저트,디저트,배스킨라빈스 싱글레귤러 아이스크림,3900,,https://gift.kakao.com/product/7479381,https://carefli-github-actions-s3-bucket.s3.ap-northeast-2.amazonaws.com/giftImages/%E1%84%89%E1%85%B5%E1%86%BC%E1%84%80%E1%85%B3%E1%86%AF%E1%84%85%E1%85%A6%E1%84%80%E1%85%B2%E1%86%AF%E1%84%85%E1%85%A5+%E1%84%8B%E1%85%A1%E1%84%8B%E1%85%B5%E1%84%89%E1%85%B3%E1%84%8F%E1%85%B3%E1%84%85%E1%85%B5%E1%86%B7.jpeg
차량,차량용품,아쿠아디파르마 카 디퓨저 레더케이스 + 카트리지 SET,288000,,https://gift.kakao.com/product/2866574,https://carefli-github-actions-s3-bucket.s3.ap-northeast-2.amazonaws.com/giftImages/%5B%E1%84%92%E1%85%A7%E1%86%AB%E1%84%83%E1%85%A2%E1%84%87%E1%85%A2%E1%86%A8%E1%84%92%E1%85%AA%E1%84%8C%E1%85%A5%E1%86%B7%5D+%E1%84%8F%E1%85%A1+%E1%84%83%E1%85%B5%E1%84%91%E1%85%B2%E1%84%8C%E1%85%A5+%E1%84%85%E1%85%A6%E1%84%83%E1%85%A5%E1%84%8F%E1%85%A6%E1%84%8B%E1%85%B5%E1%84%89%E1%85%B3+%2B+%E1%84%8F%E1%85%A1%E1%84%90%E1%85%B3%E1%84%85%E1%85%B5%E1%84%8C%E1%85%B5+SET.jpeg
차량,차량용품,행운을 전하는 차량용방향제&키링세트_춘식이,"24,000",,https://gift.kakao.com/product/7294666,https://carefli-github-actions-s3-bucket.s3.ap-northeast-2.amazonaws.com/giftImages/%5B%E1%84%83%E1%85%A1%E1%86%AB%E1%84%83%E1%85%A9%E1%86%A8%5D+%22%E1%84%8B%E1%85%AA%E1%86%AB%E1%84%8C%E1%85%A5%E1%86%AB+%E1%84%85%E1%85%A5%E1%86%A8%E1%84%8F%E1%85%B5%E1%84%87%E1%85%B5%E1%84%8F%E1%85%B5%E1%84%83%E1%85%A1%E1%84%82%E1%85%A3%E1%86%BC%22+%E1%84%92%E1%85%A2%E1%86%BC%E1%84%8B%E1%85%AE%E1%86%AB%E1%84%8B%E1%85%B3%E1%86%AF+%E1%84%8C%E1%85%A5%E1%86%AB%E1%84%92%E1%85%A1%E1%84%82%E1%85%B3%E1%86%AB+%E1%84%8E%E1%85%A1%E1%84%85%E1%85%A3%E1%86%BC%E1%84%8B%E1%85%AD%E1%86%BC%E1%84%87%E1%85%A1%E1%86%BC%E1%84%92%E1%85%A3%E1%86%BC%E1%84%8C%E1%85%A6%26%E1%84%8F%E1%85%B5%E1%84%85%E1%85%B5%E1%86%BC%E1%84%89%E1%85%A6%E1%84%90%E1%85%B3.jpeg
차량,차량용품,신지모루 차량용 무선 충전 거치대(오그랩 맥스 차량용 무선충전거치대),29900,,https://gift.kakao.com/product/2071496,https://carefli-github-actions-s3-bucket.s3.ap-northeast-2.amazonaws.com/giftImages/%E1%84%8E%E1%85%A1%E1%84%85%E1%85%A3%E1%86%BC%E1%84%8B%E1%85%AD%E1%86%BC+%E1%84%86%E1%85%AE%E1%84%89%E1%85%A5%E1%86%AB+%E1%84%8E%E1%85%AE%E1%86%BC%E1%84%8C%E1%85%A5%E1%86%AB+%E1%84%80%E1%85%A5%E1%84%8E%E1%85%B5%E1%84%83%E1%85%A2+%E1%84%92%E1%85%A2%E1%86%AB%E1%84%83%E1%85%B3%E1%84%91%E1%85%A9%E1%86%AB+%E1%84%92%E1%85%B2%E1%84%83%E1%85%A2%E1%84%91%E1%85%A9%E1%86%AB+%E1%84%8C%E1%85%A1%E1%84%83%E1%85%A9%E1%86%BC%E1%84%8E%E1%85%A1+%E1%84%80%E1%85%A9%E1%84%89%E1%85%A9%E1%86%A8+%E1%84%8E%E1%85%AE%E1%86%BC%E1%84%8C%E1%85%A5%E1%86%AB%E1%84%80%E1%85%B5.jpeg
의류,의류,스파오 캐릭터 긴팔 파자마 세트,39900,,https://gift.kakao.com/product/6506923,https://carefli-github-actions-s3-bucket.s3.ap-northeast-2.amazonaws.com/giftImages/%E1%84%89%E1%85%B5%E1%86%AB%E1%84%89%E1%85%A1%E1%86%BC+%E1%84%8F%E1%85%A2%E1%84%85%E1%85%B5%E1%86%A8%E1%84%90%E1%85%A5+%E1%84%80%E1%85%B5%E1%86%AB%E1%84%91%E1%85%A1%E1%86%AF+%E1%84%91%E1%85%A1%E1%84%8C%E1%85%A1%E1%84%86%E1%85%A1+%E1%84%89%E1%85%A6%E1%84%90%E1%85%B3(%E1%84%89%E1%85%A1%E1%86%AB%E1%84%85%E1%85%B5%E1%84%8B%E1%85%A9%2C+%E1%84%83%E1%85%A1%E1%86%B7%E1%84%80%E1%85%A9%E1%86%B7%E1%84%8B%E1%85%B5%2C+%E1%84%86%E1%85%A1%E1%86%BC%E1%84%80%E1%85%B3%E1%84%85%E1%85%A5%E1%84%8C%E1%85%B5%E1%86%AB%E1%84%80%E1%85%A9%E1%86%B7%2C+%E1%84%85%E1%85%B5%E1%84%85%E1%85%A1%E1%86%A8%E1%84%8F%E1%85%AE%E1%84%86%E1%85%A1%2C+%E1%84%8F%E1%85%A5%E1%84%92%E1%85%A2%E1%86%B7%2C+%E1%84%91%E1%85%A9%E1%84%8F%E1%85%A6%E1%86%BA%E1%84%86%E1%85%A9%E1%86%AB).jpeg
의류,의류,커버낫 C 로고 하프 집업 맨투맨,63200,,https://gift.kakao.com/product/9202168,https://carefli-github-actions-s3-bucket.s3.ap-northeast-2.amazonaws.com/giftImages/C%E1%84%85%E1%85%A9%E1%84%80%E1%85%A9+%E1%84%92%E1%85%A1%E1%84%91%E1%85%B3%E1%84%8C%E1%85%B5%E1%86%B8%E1%84%8B%E1%85%A5%E1%86%B8+%E1%84%86%E1%85%A2%E1%86%AB%E1%84%90%E1%85%AE%E1%84%86%E1%85%A2%E1%86%AB+3%E1%84%8C%E1%85%A9%E1%86%BC+%E1%84%90%E1%85%A2%E1%86%A81.jpeg
의류,의류,마르디 메크르디 반팔티셔츠,42000,,https://gift.kakao.com/product/8515150,https://carefli-github-actions-s3-bucket.s3.ap-northeast-2.amazonaws.com/giftImages/%E1%84%86%E1%85%A1%E1%84%85%E1%85%B3%E1%84%83%E1%85%B5+%E1%84%86%E1%85%A6%E1%84%8F%E1%85%B3%E1%84%85%E1%85%B3%E1%84%83%E1%85%B5+%E1%84%87%E1%85%A1%E1%86%AB%E1%84%91%E1%85%A1%E1%86%AF%E1%84%90%E1%85%B5%E1%84%89%E1%85%A7%E1%84%8E%E1%85%B3.jpeg
의류,의류,나이키 NSW 클럽 스우시 반팔 티셔츠,19900,,https://gift.kakao.com/product/9693910,https://carefli-github-actions-s3-bucket.s3.ap-northeast-2.amazonaws.com/giftImages/%E1%84%82%E1%85%A1%E1%84%8B%E1%85%B5%E1%84%8F%E1%85%B5+NSW+%E1%84%8F%E1%85%B3%E1%86%AF%E1%84%85%E1%85%A5%E1%86%B8+%E1%84%89%E1%85%B3%E1%84%8B%E1%85%AE%E1%84%89%E1%85%B5+%E1%84%87%E1%85%A1%E1%86%AB%E1%84%91%E1%85%A1%E1%86%AF+%E1%84%90%E1%85%B5%E1%84%89%E1%85%A7%E1%84%8E%E1%85%B3.jpeg
의류,의류,나이키 남&여 기모 팬츠,49800,,https://gift.kakao.com/product/1213978,https://carefli-github-actions-s3-bucket.s3.ap-northeast-2.amazonaws.com/giftImages/%E1%84%82%E1%85%A1%E1%84%8B%E1%85%B5%E1%84%8F%E1%85%B5+%E1%84%82%E1%85%A1%E1%86%B7%26%E1%84%8B%E1%85%A7+%E1%84%80%E1%85%B5%E1%84%86%E1%85%A9+%E1%84%91%E1%85%A2%E1%86%AB%E1%84%8E%E1%85%B3.jpeg
악세사리,악세사리,스와로브스키 Swan 핑크스완 네크리스,151200,,https://gift.kakao.com/product/1002228,https://carefli-github-actions-s3-bucket.s3.ap-northeast-2.amazonaws.com/giftImages/%E1%84%89%E1%85%B3%E1%84%8B%E1%85%AA%E1%84%85%E1%85%A9%E1%84%87%E1%85%B3%E1%84%89%E1%85%B3%E1%84%8F%E1%85%B5+Swan+%E1%84%91%E1%85%B5%E1%86%BC%E1%84%8F%E1%85%B3%E1%84%89%E1%85%B3%E1%84%8B%E1%85%AA%E1%86%AB+%E1%84%82%E1%85%A6%E1%84%8F%E1%85%B3%E1%84%85%E1%85%B5%E1%84%89%E1%85%B3.jpeg
악세사리,악세사리,판도라 베스트 반지 10종 택1,78000,,https://gift.kakao.com/product/2313780,https://carefli-github-actions-s3-bucket.s3.ap-northeast-2.amazonaws.com/giftImages/%E1%84%91%E1%85%A1%E1%86%AB%E1%84%83%E1%85%A9%E1%84%85%E1%85%A1+%E1%84%87%E1%85%A6%E1%84%89%E1%85%B3%E1%84%90%E1%85%B3+%E1%84%87%E1%85%A1%E1%86%AB%E1%84%8C%E1%85%B5+10%E1%84%8C%E1%85%A9%E1%86%BC+%E1%84%90%E1%85%A2%E1%86%A81.jpeg
악세사리,악세사리,제이에스티나 인기 팔찌/발찌 10종 택1,55200,,https://gift.kakao.com/product/2513174,https://carefli-github-actions-s3-bucket.s3.ap-northeast-2.amazonaws.com/giftImages/%E1%84%8B%E1%85%A1%E1%84%8B%E1%85%B5%E1%84%8B%E1%85%B2+PICK+%E1%84%8C%E1%85%A6%E1%84%8B%E1%85%B5%E1%84%8B%E1%85%A6%E1%84%89%E1%85%B3%E1%84%90%E1%85%B5%E1%84%82%E1%85%A1+%E1%84%8B%E1%85%B5%E1%86%AB%E1%84%80%E1%85%B5+%E1%84%91%E1%85%A1%E1%86%AF%E1%84%8D%E1%85%B5%3A%E1%84%87%E1%85%A1%E1%86%AF%E1%84%8D%E1%85%B5+10%E1%84%8C%E1%85%A9%E1%86%BC+%E1%84%90%E1%85%A2%E1%86%A81.jpeg
악세사리,악세사리,로즈몽 BEST 실버 귀걸이 목걸이 10종 택1,35000,,https://gift.kakao.com/product/7857894,https://carefli-github-actions-s3-bucket.s3.ap-northeast-2.amazonaws.com/giftImages/%E1%84%85%E1%85%A9%E1%84%8C%E1%85%B3%E1%84%86%E1%85%A9%E1%86%BC+BEST+%E1%84%89%E1%85%B5%E1%86%AF%E1%84%87%E1%85%A5+%E1%84%80%E1%85%B1%E1%84%80%E1%85%A5%E1%86%AF%E1%84%8B%E1%85%B5+%E1%84%86%E1%85%A9%E1%86%A8%E1%84%80%E1%85%A5%E1%86%AF%E1%84%8B%E1%85%B5+10%E1%84%8C%E1%85%A9%E1%86%BC+%E1%84%90%E1%85%A2%E1%86%A81.jpeg
악세사리,악세사리,위드아이스 기부 발찌 트윙클,13000,,https://gift.kakao.com/product/1160016,https://carefli-github-actions-s3-bucket.s3.ap-northeast-2.amazonaws.com/giftImages/%E1%84%8B%E1%85%B1%E1%84%83%E1%85%B3%E1%84%8B%E1%85%A1%E1%84%8B%E1%85%B5%E1%84%89%E1%85%B3+%E1%84%80%E1%85%B5%E1%84%87%E1%85%AE+%E1%84%87%E1%85%A1%E1%86%AF%E1%84%8D%E1%85%B5+%E1%84%90%E1%85%B3%E1%84%8B%E1%85%B1%E1%86%BC%E1%84%8F%E1%85%B3%E1%86%AF.jpeg
잡화,잡화,F/W NEW 제이로렌 남녀 머플러 17종 택1 연말선물 목도리,19900,,https://gift.kakao.com/product/1247953,https://carefli-github-actions-s3-bucket.s3.ap-northeast-2.amazonaws.com/giftImages/F%3AW+NEW+%E1%84%8C%E1%85%A6%E1%84%8B%E1%85%B5%E1%84%85%E1%85%A9%E1%84%85%E1%85%A6%E1%86%AB+%E1%84%82%E1%85%A1%E1%86%B7%E1%84%82%E1%85%A7+%E1%84%86%E1%85%A5%E1%84%91%E1%85%B3%E1%86%AF%E1%84%85%E1%85%A5+17%E1%84%8C%E1%85%A9%E1%86%BC+%E1%84%90%E1%85%A2%E1%86%A81+%E1%84%8B%E1%85%A7%E1%86%AB%E1%84%86%E1%85%A1%E1%86%AF%E1%84%89%E1%85%A5%E1%86%AB%E1%84%86%E1%85%AE%E1%86%AF+%E1%84%86%E1%85%A9%E1%86%A8%E1%84%83%E1%85%A9%E1%84%85%E1%85%B5.jpeg
잡화,잡화,얼모스트블루 초소형 우산 양산 우양산 자외선차단 초경량 / 여름 장마,24800,,https://gift.kakao.com/product/9841994,https://carefli-github-actions-s3-bucket.s3.ap-northeast-2.amazonaws.com/giftImages/%E1%84%8E%E1%85%A9%E1%84%89%E1%85%A9%E1%84%92%E1%85%A7%E1%86%BC+%E1%84%8B%E1%85%AE%E1%84%89%E1%85%A1%E1%86%AB+%E1%84%8B%E1%85%A3%E1%86%BC%E1%84%89%E1%85%A1%E1%86%AB+%E1%84%8B%E1%85%AE%E1%84%8B%E1%85%A3%E1%86%BC%E1%84%89%E1%85%A1%E1%86%AB+%E1%84%8C%E1%85%A1%E1%84%8B%E1%85%AC%E1%84%89%E1%85%A5%E1%86%AB%E1%84%8E%E1%85%A1%E1%84%83%E1%85%A1%E1%86%AB+%E1%84%8E%E1%85%A9%E1%84%80%E1%85%A7%E1%86%BC%E1%84%85%E1%85%A3%E1%86%BC+%3A+%E1%84%8B%E1%85%A7%E1%84%85%E1%85%B3%E1%86%B7+%E1%84%8C%E1%85%A1%E1%86%BC%E1%84%86%E1%85%A1.jpeg
잡화,잡화,[MLB] 루키 언스트럭쳐 볼캡 21종 택 1,36000,,https://gift.kakao.com/product/2349890,https://carefli-github-actions-s3-bucket.s3.ap-northeast-2.amazonaws.com/giftImages/%5BMLB%5D+%E1%84%85%E1%85%AE%E1%84%8F%E1%85%B5+%E1%84%8B%E1%85%A5%E1%86%AB%E1%84%89%E1%85%B3%E1%84%90%E1%85%B3%E1%84%85%E1%85%A5%E1%86%A8%E1%84%8E%E1%85%A7+%E1%84%87%E1%85%A9%E1%86%AF%E1%84%8F%E1%85%A2%E1%86%B8+21%E1%84%8C%E1%85%A9%E1%86%BC+%E1%84%90%E1%85%A2%E1%86%A8+1.jpeg
잡화,잡화,절대 벗겨지지 않는 양말 시리즈 13종 (모든종류) (매일양말),13900,,https://gift.kakao.com/product/998647,https://carefli-github-actions-s3-bucket.s3.ap-northeast-2.amazonaws.com/giftImages/%E1%84%8C%E1%85%A5%E1%86%AF%E1%84%83%E1%85%A2+%E1%84%87%E1%85%A5%E1%86%BA%E1%84%80%E1%85%A7%E1%84%8C%E1%85%B5%E1%84%8C%E1%85%B5+%E1%84%8B%E1%85%A1%E1%86%AD%E1%84%82%E1%85%B3%E1%86%AB+%E1%84%8B%E1%85%A3%E1%86%BC%E1%84%86%E1%85%A1%E1%86%AF+%E1%84%89%E1%85%B5%E1%84%85%E1%85%B5%E1%84%8C%E1%85%B3+13%E1%84%8C%E1%85%A9%E1%86%BC+(%E1%84%86%E1%85%A9%E1%84%83%E1%85%B3%E1%86%AB%E1%84%8C%E1%85%A9%E1%86%BC%E1%84%85%E1%85%B2)+(%E1%84%86%E1%85%A2%E1%84%8B%E1%85%B5%E1%86%AF%E1%84%8B%E1%85%A3%E1%86%BC%E1%84%86%E1%85%A1%E1%86%AF).jpeg
잡화,잡화,마뗑킴 ACCORDION WALLET,79200,,https://gift.kakao.com/product/9120147,https://carefli-github-actions-s3-bucket.s3.ap-northeast-2.amazonaws.com/giftImages/%E1%84%86%E1%85%A1%E1%84%84%E1%85%A6%E1%86%BC%E1%84%8F%E1%85%B5%E1%86%B7+%5B%E1%84%83%E1%85%A1%E1%86%AB%E1%84%83%E1%85%A9%E1%86%A8%3A%E1%84%89%E1%85%A5%E1%86%AB%E1%84%86%E1%85%AE%E1%86%AF%E1%84%91%E1%85%A9%E1%84%8C%E1%85%A1%E1%86%BC%5D+ACCORDION+WALLET+(%2B%E1%84%8F%E1%85%B5%E1%84%85%E1%85%B5%E1%86%BC%E1%84%8C%E1%85%B3%E1%86%BC%E1%84%8C%E1%85%A5%E1%86%BC).jpeg
반려동물,반려동물,강아지 야간산책 LED펜던트 (2종 택1),13300,,https://gift.kakao.com/product/6315050,https://carefli-github-actions-s3-bucket.s3.ap-northeast-2.amazonaws.com/giftImages/%E1%84%80%E1%85%A1%E1%86%BC%E1%84%8B%E1%85%A1%E1%84%8C%E1%85%B5+%E1%84%8B%E1%85%A3%E1%84%80%E1%85%A1%E1%86%AB%E1%84%89%E1%85%A1%E1%86%AB%E1%84%8E%E1%85%A2%E1%86%A8+LED%E1%84%91%E1%85%A6%E1%86%AB%E1%84%83%E1%85%A5%E1%86%AB%E1%84%90%E1%85%B3+(2%E1%84%8C%E1%85%A9%E1%86%BC+%E1%84%90%E1%85%A2%E1%86%A81).jpeg
반려동물,반려동물,포근한 펫빈백 방석 쿠션 L,29900,,https://gift.kakao.com/product/2314739,https://carefli-github-actions-s3-bucket.s3.ap-northeast-2.amazonaws.com/giftImages/%22%E1%84%91%E1%85%A7%E1%86%AB%E1%84%8B%E1%85%A1%E1%86%AB%E1%84%92%E1%85%A1%E1%86%AB+%E1%84%92%E1%85%B2%E1%84%89%E1%85%B5%E1%86%A8+%E1%84%89%E1%85%A5%E1%86%AB%E1%84%86%E1%85%AE%E1%86%AF%22+%E1%84%91%E1%85%A9%E1%84%80%E1%85%B3%E1%86%AB%E1%84%92%E1%85%A1%E1%86%AB+%E1%84%91%E1%85%A6%E1%86%BA%E1%84%87%E1%85%B5%E1%86%AB%E1%84%87%E1%85%A2%E1%86%A8+%E1%84%87%E1%85%A1%E1%86%BC%E1%84%89%E1%85%A5%E1%86%A8+%E1%84%8F%E1%85%AE%E1%84%89%E1%85%A7%E1%86%AB+L.jpeg
반려동물,반려동물,[우알롱] 시그니처 도그 캡 (5color) 택 1,29900,,https://gift.kakao.com/product/8342273,https://carefli-github-actions-s3-bucket.s3.ap-northeast-2.amazonaws.com/giftImages/%5B%E1%84%8B%E1%85%AE%E1%84%8B%E1%85%A1%E1%86%AF%E1%84%85%E1%85%A9%E1%86%BC%5D+%E1%84%89%E1%85%B5%E1%84%80%E1%85%B3%E1%84%82%E1%85%B5%E1%84%8E%E1%85%A5+%E1%84%83%E1%85%A9%E1%84%80%E1%85%B3+%E1%84%8F%E1%85%A2%E1%86%B8+(5color)+%E1%84%90%E1%85%A2%E1%86%A8+1.jpeg
반려동물,반려동물,오아 이리와 펫 자동 급식기 4L 대용량 펫 급식기 반려동물 자동급식기,65900,,https://gift.kakao.com/product/2453785,https://carefli-github-actions-s3-bucket.s3.ap-northeast-2.amazonaws.com/giftImages/%E1%84%8B%E1%85%A9%E1%84%8B%E1%85%A1+%E1%84%8B%E1%85%B5%E1%84%85%E1%85%B5%E1%84%8B%E1%85%AA+%E1%84%91%E1%85%A6%E1%86%BA+%E1%84%8C%E1%85%A1%E1%84%83%E1%85%A9%E1%86%BC+%E1%84%80%E1%85%B3%E1%86%B8%E1%84%89%E1%85%B5%E1%86%A8%E1%84%80%E1%85%B5+4L+%E1%84%83%E1%85%A2%E1%84%8B%E1%85%AD%E1%86%BC%E1%84%85%E1%85%A3%E1%86%BC+%E1%84%91%E1%85%A6%E1%86%BA+%E1%84%80%E1%85%B3%E1%86%B8%E1%84%89%E1%85%B5%E1%86%A8%E1%84%80%E1%85%B5+%E1%84%87%E1%85%A1%E1%86%AB%E1%84%85%E1%85%A7%E1%84%83%E1%85%A9%E1%86%BC%E1%84%86%E1%85%AE%E1%86%AF+%E1%84%8C%E1%85%A1%E1%84%83%E1%85%A9%E1%86%BC%E1%84%80%E1%85%B3%E1%86%B8%E1%84%89%E1%85%B5%E1%86%A8%E1%84%80%E1%85%B5.jpeg
반려동물,반려동물,닥터펫 강아지간식 큐브 200g 통간식,7600,,https://gift.kakao.com/product/731999,https://carefli-github-actions-s3-bucket.s3.ap-northeast-2.amazonaws.com/giftImages/%E1%84%83%E1%85%A1%E1%86%A8%E1%84%90%E1%85%A5%E1%84%91%E1%85%A6%E1%86%BA+%E1%84%80%E1%85%A1%E1%86%BC%E1%84%8B%E1%85%A1%E1%84%8C%E1%85%B5%E1%84%80%E1%85%A1%E1%86%AB%E1%84%89%E1%85%B5%E1%86%A8+%E1%84%8F%E1%85%B2%E1%84%87%E1%85%B3+200g+%E1%84%90%E1%85%A9%E1%86%BC%E1%84%80%E1%85%A1%E1%86%AB%E1%84%89%E1%85%B5%E1%86%A8.png
유아동,유아동,아디다스 가젤 크립 영유아 신발 2종 택1,49000,,https://gift.kakao.com/product/10188921,https://carefli-github-actions-s3-bucket.s3.ap-northeast-2.amazonaws.com/giftImages/%5B%E1%84%83%E1%85%A1%E1%86%AB%E1%84%83%E1%85%A9%E1%86%A8%5D+%E1%84%8B%E1%85%A1%E1%84%83%E1%85%B5%E1%84%83%E1%85%A1%E1%84%89%E1%85%B3+%E1%84%80%E1%85%A1%E1%84%8C%E1%85%A6%E1%86%AF+%E1%84%8F%E1%85%B3%E1%84%85%E1%85%B5%E1%86%B8+%E1%84%8B%E1%85%A7%E1%86%BC%E1%84%8B%E1%85%B2%E1%84%8B%E1%85%A1+%E1%84%89%E1%85%B5%E1%86%AB%E1%84%87%E1%85%A1%E1%86%AF+2%E1%84%8C%E1%85%A9%E1%86%BC+%E1%84%90%E1%85%A2%E1%86%A81+JI2045%3AJI2046+%E1%84%8E%E1%85%AE%E1%86%AF%E1%84%89%E1%85%A1%E1%86%AB%E1%84%89%E1%85%A5%E1%86%AB%E1%84%86%E1%85%AE%E1%86%AF%3A%E1%84%87%E1%85%A2%E1%86%A8%E1%84%8B%E1%85%B5%E1%86%AF%E1%84%89%E1%85%A5%E1%86%AB%E1%84%86%E1%85%AE%E1%86%AF.jpeg
유아동,유아동,베이비베이커리 아기옷선물 NEW 드림베어 3종패키지,48000,,https://gift.kakao.com/product/877248,https://carefli-github-actions-s3-bucket.s3.ap-northeast-2.amazonaws.com/giftImages/%5B%E1%84%8B%E1%85%A1%E1%84%80%E1%85%B5%E1%84%8B%E1%85%A9%E1%86%BA%E1%84%89%E1%85%A5%E1%86%AB%E1%84%86%E1%85%AE%E1%86%AF%E1%84%91%E1%85%A2%E1%84%8F%E1%85%B5%E1%84%8C%E1%85%B5%5D+NEW+%E1%84%83%E1%85%B3%E1%84%85%E1%85%B5%E1%86%B7%E1%84%87%E1%85%A6%E1%84%8B%E1%85%A5+3%E1%84%8C%E1%85%A9%E1%86%BC%E1%84%91%E1%85%A2%E1%84%8F%E1%85%B5%E1%84%8C%E1%85%B5+(%E1%84%8E%E1%85%AE%E1%86%AF%E1%84%89%E1%85%A1%E1%86%AB%E1%84%89%E1%85%A5%E1%86%AB%E1%84%86%E1%85%AE%E1%86%AF+%E1%84%87%E1%85%A2%E1%86%A8%E1%84%8B%E1%85%B5%E1%86%AF+%E1%84%83%E1%85%A9%E1%86%AF).jpeg
유아동,유아동,내아이애 떡뻥 / 쌀과자 / 과일칩 유기농 아이과자 세트 모음전,13600,,https://gift.kakao.com/product/609654,https://carefli-github-actions-s3-bucket.s3.ap-northeast-2.amazonaws.com/giftImages/%5B%E1%84%82%E1%85%A2%E1%84%8B%E1%85%A1%E1%84%8B%E1%85%B5%E1%84%8B%E1%85%A2%5D+%E1%84%84%E1%85%A5%E1%86%A8%E1%84%88%E1%85%A5%E1%86%BC+%3A+%E1%84%8A%E1%85%A1%E1%86%AF%E1%84%80%E1%85%AA%E1%84%8C%E1%85%A1+%3A+%E1%84%80%E1%85%AA%E1%84%8B%E1%85%B5%E1%86%AF%E1%84%8E%E1%85%B5%E1%86%B8+%E1%84%8B%E1%85%B2%E1%84%80%E1%85%B5%E1%84%82%E1%85%A9%E1%86%BC+%E1%84%8B%E1%85%A1%E1%84%8B%E1%85%B5%E1%84%80%E1%85%AA%E1%84%8C%E1%85%A1+%E1%84%89%E1%85%A6%E1%84%90%E1%85%B3+%E1%84%86%E1%85%A9%E1%84%8B%E1%85%B3%E1%86%B7%E1%84%8C%E1%85%A5%E1%86%AB.jpeg
유아동,유아동,하기스 네이처메이드&썸머/퓨어코튼&썸 기저귀 밴드/팬티 1박스,55900,,https://gift.kakao.com/product/897238,https://carefli-github-actions-s3-bucket.s3.ap-northeast-2.amazonaws.com/giftImages/%22%E1%84%92%E1%85%A1%E1%84%80%E1%85%B5%E1%84%89%E1%85%B3+%E1%84%80%E1%85%B5%E1%84%8C%E1%85%A5%E1%84%80%E1%85%B1+%E1%84%8E%E1%85%AE%E1%86%AF%E1%84%89%E1%85%A1%E1%86%AB%E1%84%89%E1%85%A5%E1%86%AB%E1%84%86%E1%85%AE%E1%86%AF%22+NEW+%E1%84%92%E1%85%A1%E1%84%80%E1%85%B5%E1%84%89%E1%85%B3+%E1%84%82%E1%85%A6%E1%84%8B%E1%85%B5%E1%84%8E%E1%85%A5%E1%84%86%E1%85%A6%E1%84%8B%E1%85%B5%E1%84%83%E1%85%B3%26%E1%84%8A%E1%85%A5%E1%86%B7%E1%84%86%E1%85%A5%3A%E1%84%91%E1%85%B2%E1%84%8B%E1%85%A5%E1%84%8F%E1%85%A9%E1%84%90%E1%85%B3%E1%86%AB%26%E1%84%8A%E1%85%A5%E1%86%B7+%E1%84%80%E1%85%B5%E1%84%8C%E1%85%A5%E1%84%80%E1%85%B1+%E1%84%87%E1%85%A2%E1%86%AB%E1%84%83%E1%85%B3%3A%E1%84%91%E1%85%A2%E1%86%AB%E1%84%90%E1%85%B5+1%E1%84%87%E1%85%A1%E1%86%A8%E1%84%89%E1%85%B3+%E1%84%90%E1%85%A2%E1%86%A81+%E1%84%87%E1%85%A2%E1%86%A8%E1%84%8B%E1%85%B5%E1%86%AF%3A%E1%84%83%E1%85%A9%E1%86%AF%E1%84%89%E1%85%A5%E1%86%AB%E1%84%86%E1%85%AE%E1%86%AF.jpeg
리빙,식기,헤이루미 도자기 라운드 머그컵 2P 세트,18900,결혼,https://gift.kakao.com/product/10173650,https://carefli-github-actions-s3-bucket.s3.ap-northeast-2.amazonaws.com/giftImages/%5B%E1%84%89%E1%85%A5%E1%86%AB%E1%84%86%E1%85%AE%E1%86%AF%E1%84%91%E1%85%A9%E1%84%8C%E1%85%A1%E1%86%BC%5D+%E1%84%83%E1%85%A9%E1%84%8C%E1%85%A1%E1%84%80%E1%85%B5+%E1%84%85%E1%85%A1%E1%84%8B%E1%85%AE%E1%86%AB%E1%84%83%E1%85%B3+%E1%84%86%E1%85%A5%E1%84%80%E1%85%B3%E1%84%8F%E1%85%A5%E1%86%B8+2P+%E1%84%89%E1%85%A6%E1%84%90%E1%85%B3+%3A+%E1%84%92%E1%85%A9%E1%86%B7%E1%84%8F%E1%85%A1%E1%84%91%E1%85%A6+%E1%84%8B%E1%85%B5%E1%84%89%E1%85%A1+%E1%84%8C%E1%85%B5%E1%86%B8%E1%84%83%E1%85%B3%E1%86%AF%E1%84%8B%E1%85%B5+%E1%84%89%E1%85%A2%E1%86%BC%E1%84%8B%E1%85%B5%E1%86%AF+%E1%84%8C%E1%85%A1%E1%84%8E%E1%85%B1+%E1%84%89%E1%85%B5%E1%86%AB%E1%84%92%E1%85%A9%E1%86%AB+%E1%84%80%E1%85%A7%E1%86%AF%E1%84%92%E1%85%A9%E1%86%AB+%E1%84%89%E1%85%A5%E1%86%AB%E1%84%86%E1%85%AE%E1%86%AF.png
뷰티,화장품,릴리바이레드 해피 버스데이 키트 및 미니빔/웜/쿨,13500,생일,https://gift.kakao.com/product/4782775,https://carefli-github-actions-s3-bucket.s3.ap-northeast-2.amazonaws.com/giftImages/%5B%E1%84%83%E1%85%A1%E1%86%AB%E1%84%83%E1%85%A9%E1%86%A8%5D%22%E1%84%89%E1%85%A2%E1%86%BC%E1%84%8B%E1%85%B5%E1%86%AF%E1%84%8E%E1%85%AE%E1%86%A8%E1%84%92%E1%85%A1%E1%84%92%E1%85%A2%22+%E1%84%92%E1%85%A2%E1%84%91%E1%85%B5+%E1%84%87%E1%85%A5%E1%84%89%E1%85%B3%E1%84%83%E1%85%A6%E1%84%8B%E1%85%B5+%E1%84%8F%E1%85%B5%E1%84%90%E1%85%B3+(%2B%E1%84%89%E1%85%A2%E1%86%BC%E1%84%8B%E1%85%B5%E1%86%AF%E1%84%87%E1%85%B5%E1%86%B7%E1%84%8C%E1%85%B3%E1%86%BC%E1%84%8C%E1%85%A5%E1%86%BC)+%E1%84%86%E1%85%B5%E1%84%82%E1%85%B5%E1%84%87%E1%85%B5%E1%86%B7%3A%E1%84%8B%E1%85%AF%E1%86%B7%3A%E1%84%8F%E1%85%AE%E1%86%AF.jpeg
리빙,식기,스타벅스 그린 사이렌 도트 머그 237ml 2P 세트,25000,집들이,https://gift.kakao.com/product/3534028,https://carefli-github-actions-s3-bucket.s3.ap-northeast-2.amazonaws.com/giftImages/%E1%84%89%E1%85%B3%E1%84%90%E1%85%A1%E1%84%87%E1%85%A5%E1%86%A8%E1%84%89%E1%85%B3+%22%E1%84%8E%E1%85%AE%E1%86%A8%E1%84%92%E1%85%A1+%E1%84%8C%E1%85%B5%E1%86%B8%E1%84%83%E1%85%B3%E1%86%AF%E1%84%8B%E1%85%B5+%E1%84%89%E1%85%A5%E1%86%AB%E1%84%86%E1%85%AE%E1%86%AF%22+%E1%84%80%E1%85%B3%E1%84%85%E1%85%B5%E1%86%AB+%E1%84%89%E1%85%A1%E1%84%8B%E1%85%B5%E1%84%85%E1%85%A6%E1%86%AB+%E1%84%83%E1%85%A9%E1%84%90%E1%85%B3+%E1%84%86%E1%85%A5%E1%84%80%E1%85%B3+237ml*2ea+%E1%84%89%E1%85%A6%E1%84%90%E1%85%B3.jpeg
리빙,잡화,고미플라워 핸드메이드 뜨개 네잎클로버 키링,7800,취업,https://gift.kakao.com/product/10267916,https://carefli-github-actions-s3-bucket.s3.ap-northeast-2.amazonaws.com/giftImages/%E1%84%8C%E1%85%A9%E1%86%AF%E1%84%8B%E1%85%A5%E1%86%B8%E1%84%89%E1%85%A5%E1%86%AB%E1%84%86%E1%85%AE%E1%86%AF+%E1%84%92%E1%85%A2%E1%86%AB%E1%84%83%E1%85%B3%E1%84%86%E1%85%A6%E1%84%8B%E1%85%B5%E1%84%83%E1%85%B3+%E1%84%84%E1%85%B3%E1%84%80%E1%85%A2+%E1%84%82%E1%85%A6%E1%84%8B%E1%85%B5%E1%87%81%E1%84%8F%E1%85%B3%E1%86%AF%E1%84%85%E1%85%A9%E1%84%87%E1%85%A5+%E1%84%8F%E1%85%B5%E1%84%85%E1%85%B5%E1%86%BC+%E1%84%80%E1%85%A2%E1%84%8B%E1%85%A5%E1%86%B8+%E1%84%89%E1%85%B3%E1%86%BC%E1%84%8C%E1%85%B5%E1%86%AB+%E1%84%8E%E1%85%B1%E1%84%8B%E1%85%A5%E1%86%B8+%E1%84%8B%E1%85%A7%E1%86%BC%E1%84%8C%E1%85%A5%E1%86%AB+%E1%84%8B%E1%85%B5%E1%84%89%E1%85%A1+%E1%84%80%E1%85%A7%E1%86%AF%E1%84%92%E1%85%A9%E1%86%AB+%E1%84%90%E1%85%AC%E1%84%89%E1%85%A1.jpeg
리빙,잡화,인사이디 휴대용 무선 LP 턴테이블 LED 무드등 블루투스 스피커,69900,집들이,https://gift.kakao.com/product/5276165,https://carefli-github-actions-s3-bucket.s3.ap-northeast-2.amazonaws.com/giftImages/%22%E1%84%89%E1%85%A5%E1%86%AB%E1%84%86%E1%85%AE%E1%86%AF%E1%84%92%E1%85%A1%E1%84%80%E1%85%A9+%E1%84%89%E1%85%A5%E1%86%AB%E1%84%86%E1%85%AE%E1%86%AF%E1%84%87%E1%85%A1%E1%86%AE%E1%84%8C%E1%85%A1%22+%5B%E1%84%80%E1%85%A7%E1%86%AF%E1%84%92%E1%85%A9%E1%86%AB%3A%E1%84%8C%E1%85%A1%E1%84%8E%E1%85%B1%E1%84%89%E1%85%A5%E1%86%AB%E1%84%86%E1%85%AE%E1%86%AF%5D+%E1%84%8B%E1%85%B5%E1%86%AB%E1%84%89%E1%85%A1%E1%84%8B%E1%85%B5%E1%84%83%E1%85%B5+%E1%84%92%E1%85%B2%E1%84%83%E1%85%A2%E1%84%8B%E1%85%AD%E1%86%BC+%E1%84%86%E1%85%AE%E1%84%89%E1%85%A5%E1%86%AB+LP+%E1%84%90%E1%85%A5%E1%86%AB%E1%84%90%E1%85%A6%E1%84%8B%E1%85%B5%E1%84%87%E1%85%B3%E1%86%AF+LED+%E1%84%86%E1%85%AE%E1%84%83%E1%85%B3%E1%84%83%E1%85%B3%E1%86%BC+%E1%84%87%E1%85%B3%E1%86%AF%E1%84%85%E1%85%AE%E1%84%90%E1%85%AE%E1%84%89%E1%85%B3+%E1%84%89%E1%85%B3%E1%84%91%E1%85%B5%E1%84%8F%E1%85%A5.jpeg
리빙,잡화,렉슨미나 S사이즈 SNS 인기 아이템 버섯조명 무드등 테이블 미니조명,47000,,https://gift.kakao.com/product/2616320,https://carefli-github-actions-s3-bucket.s3.ap-northeast-2.amazonaws.com/giftImages/%5B%E1%84%83%E1%85%A1%E1%86%AB%E1%84%83%E1%85%A9%E1%86%A8%5D+%E1%84%85%E1%85%A6%E1%86%A8%E1%84%89%E1%85%B3%E1%86%AB%E1%84%86%E1%85%B5%E1%84%82%E1%85%A1+S%E1%84%89%E1%85%A1%E1%84%8B%E1%85%B5%E1%84%8C%E1%85%B3+%22SNS+%E1%84%8B%E1%85%B5%E1%86%AB%E1%84%80%E1%85%B5%E1%84%8B%E1%85%A1%E1%84%8B%E1%85%B5%E1%84%90%E1%85%A6%E1%86%B7%22+%E1%84%87%E1%85%A5%E1%84%89%E1%85%A5%E1%86%BA%E1%84%8C%E1%85%A9%E1%84%86%E1%85%A7%E1%86%BC+%E1%84%86%E1%85%AE%E1%84%83%E1%85%B3%E1%84%83%E1%85%B3%E1%86%BC+%E1%84%90%E1%85%A6%E1%84%8B%E1%85%B5%E1%84%87%E1%85%B3%E1%86%AF+%E1%84%86%E1%85%B5%E1%84%82%E1%85%B5%E1%84%8C%E1%85%A9%E1%84%86%E1%85%A7%E1%86%BC.png
리빙,잡화,매직캔 냄새차단 쓰레기통 휴지통 히포 크롬 21L 4종 택1,66700,집들이,https://gift.kakao.com/product/2181147?tab=review&sortProperty=SCORE,https://carefli-github-actions-s3-bucket.s3.ap-northeast-2.amazonaws.com/giftImages/%E1%84%82%E1%85%A2%E1%86%B7%E1%84%89%E1%85%A2%E1%84%8E%E1%85%A1%E1%84%83%E1%85%A1%E1%86%AB+%E1%84%8A%E1%85%B3%E1%84%85%E1%85%A6%E1%84%80%E1%85%B5%E1%84%90%E1%85%A9%E1%86%BC+%E1%84%92%E1%85%B2%E1%84%8C%E1%85%B5%E1%84%90%E1%85%A9%E1%86%BC+%E1%84%92%E1%85%B5%E1%84%91%E1%85%A9+%E1%84%8F%E1%85%B3%E1%84%85%E1%85%A9%E1%86%B7.jpeg
리빙,식기,에디션덴마크 선물포장 티포트 & 퍼치스티 미니틴 세트,49000,,https://gift.kakao.com/product/3511989,https://carefli-github-actions-s3-bucket.s3.ap-northeast-2.amazonaws.com/giftImages/%5B%E1%84%89%E1%85%A5%E1%86%AB%E1%84%86%E1%85%AE%E1%86%AF%E1%84%91%E1%85%A9%E1%84%8C%E1%85%A1%E1%86%BC%3A%E1%84%8B%E1%85%A7%E1%86%B8%E1%84%89%E1%85%A5%5D+%E1%84%90%E1%85%B5%E1%84%91%E1%85%A9%E1%84%90%E1%85%B3+%26+%E1%84%91%E1%85%A5%E1%84%8E%E1%85%B5%E1%84%89%E1%85%B3%E1%84%90%E1%85%B5+%E1%84%86%E1%85%B5%E1%84%82%E1%85%B5%E1%84%90%E1%85%B5%E1%86%AB+%E1%84%89%E1%85%A6%E1%84%90%E1%85%B3.jpeg
리빙,잡화,쉬즈홈 슬리브 등받이 삼각쿠션 (대형) 8종 택1,24900,,https://gift.kakao.com/product/1242861,https://carefli-github-actions-s3-bucket.s3.ap-northeast-2.amazonaws.com/giftImages/%22%E1%84%8C%E1%85%B5%E1%86%B8%E1%84%89%E1%85%AE%E1%86%AB%E1%84%8B%E1%85%B5%E1%84%89%E1%85%A5%E1%86%AB%E1%84%86%E1%85%AE%E1%86%AF%22+%E1%84%89%E1%85%B3%E1%86%AF%E1%84%85%E1%85%B5%E1%84%87%E1%85%B3+%E1%84%83%E1%85%B3%E1%86%BC%E1%84%87%E1%85%A1%E1%86%AE%E1%84%8B%E1%85%B5+%E1%84%89%E1%85%A1%E1%86%B7%E1%84%80%E1%85%A1%E1%86%A8%E1%84%8F%E1%85%AE%E1%84%89%E1%85%A7%E1%86%AB+(%E1%84%83%E1%85%A2%E1%84%92%E1%85%A7%E1%86%BC).jpeg
건강,건강,오쏘몰 이뮨 멀티비타민&미네랄 7입,38000,,https://gift.kakao.com/product/2301047,https://carefli-github-actions-s3-bucket.s3.ap-northeast-2.amazonaws.com/giftImages/%E1%84%8B%E1%85%A9%E1%84%8A%E1%85%A9%E1%84%86%E1%85%A9%E1%86%AF+%E1%84%8B%E1%85%B5%E1%84%86%E1%85%B2%E1%86%AB+%E1%84%86%E1%85%A5%E1%86%AF%E1%84%90%E1%85%B5%E1%84%87%E1%85%B5%E1%84%90%E1%85%A1%E1%84%86%E1%85%B5%E1%86%AB%26%E1%84%86%E1%85%B5%E1%84%82%E1%85%A6%E1%84%85%E1%85%A1%E1%86%AF+7%E1%84%8B%E1%85%B5%E1%86%B8+-+%E1%84%83%E1%85%A1%E1%86%AB%E1%84%83%E1%85%A9%E1%86%A8+%E1%84%80%E1%85%B5%E1%84%91%E1%85%B3%E1%84%90%E1%85%B3%E1%84%87%E1%85%A1%E1%86%A8%E1%84%89%E1%85%B3+%E1%84%8C%E1%85%B3%E1%86%BC%E1%84%8C%E1%85%A5%E1%86%BC.jpeg
건강,건강,"고려은단 최고심 쏠라C 30정 x 4개(레몬맛, 블루베리맛 택1) 비타민C 캔디",15900,,https://gift.kakao.com/product/5194959,https://carefli-github-actions-s3-bucket.s3.ap-northeast-2.amazonaws.com/giftImages/%E1%84%80%E1%85%A9%E1%84%85%E1%85%A7%E1%84%8B%E1%85%B3%E1%86%AB%E1%84%83%E1%85%A1%E1%86%AB+%E1%84%8E%E1%85%AC%E1%84%80%E1%85%A9%E1%84%89%E1%85%B5%E1%86%B7+%E1%84%8A%E1%85%A9%E1%86%AF%E1%84%85%E1%85%A1C+30%E1%84%8C%E1%85%A5%E1%86%BC+x+4%E1%84%80%E1%85%A2(%E1%84%85%E1%85%A6%E1%84%86%E1%85%A9%E1%86%AB%E1%84%86%E1%85%A1%E1%86%BA%2C+%E1%84%87%E1%85%B3%E1%86%AF%E1%84%85%E1%85%AE%E1%84%87%E1%85%A6%E1%84%85%E1%85%B5%E1%84%86%E1%85%A1%E1%86%BA+%E1%84%90%E1%85%A2%E1%86%A81)+%E1%84%87%E1%85%B5%E1%84%90%E1%85%A1%E1%84%86%E1%85%B5%E1%86%ABC+%E1%84%8F%E1%85%A2%E1%86%AB%E1%84%83%E1%85%B5.jpeg
건강,건강,라티브 통째로 갈아 만든 과채 ABC 주스 10포 (4종 택1),43000,,https://gift.kakao.com/product/6089748,https://carefli-github-actions-s3-bucket.s3.ap-northeast-2.amazonaws.com/giftImages/%5B%E1%84%85%E1%85%A1%E1%84%90%E1%85%B5%E1%84%87%E1%85%B3%5D+%E1%84%90%E1%85%A9%E1%86%BC%E1%84%8D%E1%85%A2%E1%84%85%E1%85%A9+%E1%84%80%E1%85%A1%E1%86%AF%E1%84%8B%E1%85%A1+%E1%84%86%E1%85%A1%E1%86%AB%E1%84%83%E1%85%B3%E1%86%AB+%E1%84%80%E1%85%AA%E1%84%8E%E1%85%A2+ABC+%E1%84%8C%E1%85%AE%E1%84%89%E1%85%B3+10%E1%84%91%E1%85%A9+(%E1%84%8C%E1%85%AE%E1%84%89%E1%85%B3+4%E1%84%8C%E1%85%A9%E1%86%BC+%E1%84%90%E1%85%A2%E1%86%A81).png
건강,건강,GNM 건강한 간 밀크씨슬 선물세트 1박스 / 실리마린 비타민B 조정석 밀크씨슬,22900,,https://gift.kakao.com/product/1283024,https://carefli-github-actions-s3-bucket.s3.ap-northeast-2.amazonaws.com/giftImages/%5B4%E1%84%80%E1%85%A2%E1%84%8B%E1%85%AF%E1%86%AF%E1%84%87%E1%85%AE%E1%86%AB%5D+GNM+%E1%84%80%E1%85%A5%E1%86%AB%E1%84%80%E1%85%A1%E1%86%BC%E1%84%92%E1%85%A1%E1%86%AB+%E1%84%80%E1%85%A1%E1%86%AB+%E1%84%86%E1%85%B5%E1%86%AF%E1%84%8F%E1%85%B3%E1%84%8A%E1%85%B5%E1%84%89%E1%85%B3%E1%86%AF+%E1%84%89%E1%85%A5%E1%86%AB%E1%84%86%E1%85%AE%E1%86%AF%E1%84%89%E1%85%A6%E1%84%90%E1%85%B3+1%E1%84%87%E1%85%A1%E1%86%A8%E1%84%89%E1%85%B3+%3A+%E1%84%89%E1%85%B5%E1%86%AF%E1%84%85%E1%85%B5%E1%84%86%E1%85%A1%E1%84%85%E1%85%B5%E1%86%AB+%E1%84%87%E1%85%B5%E1%84%90%E1%85%A1%E1%84%86%E1%85%B5%E1%86%ABB+%E1%84%8C%E1%85%A9%E1%84%8C%E1%85%A5%E1%86%BC%E1%84%89%E1%85%A5%E1%86%A8+%E1%84%86%E1%85%B5%E1%86%AF%E1%84%8F%E1%85%B3%E1%84%8A%E1%85%B5%E1%84%89%E1%85%B3%E1%86%AF.jpeg
건강,건강,정관장 홍삼정 에브리타임 소프트 (10ml x 30포),69300,,https://gift.kakao.com/product/556025,https://carefli-github-actions-s3-bucket.s3.ap-northeast-2.amazonaws.com/giftImages/%5B%E1%84%8C%E1%85%A5%E1%86%BC%E1%84%80%E1%85%AA%E1%86%AB%E1%84%8C%E1%85%A1%E1%86%BC%5D+%E1%84%92%E1%85%A9%E1%86%BC%E1%84%89%E1%85%A1%E1%86%B7%E1%84%8C%E1%85%A5%E1%86%BC+%E1%84%8B%E1%85%A6%E1%84%87%E1%85%B3%E1%84%85%E1%85%B5%E1%84%90%E1%85%A1%E1%84%8B%E1%85%B5%E1%86%B7+%E1%84%89%E1%85%A9%E1%84%91%E1%85%B3%E1%84%90%E1%85%B3+(10ml+x+30%E1%84%91%E1%85%A9)_NEW.jpeg
건강,건강,정관장 홍삼정 에브리타임 샷 (20ml x 30병),49900,,https://gift.kakao.com/product/7621131,https://carefli-github-actions-s3-bucket.s3.ap-northeast-2.amazonaws.com/giftImages/%5B%E1%84%8C%E1%85%A5%E1%86%BC%E1%84%80%E1%85%AA%E1%86%AB%E1%84%8C%E1%85%A1%E1%86%BC%5D+%E1%84%92%E1%85%A9%E1%86%BC%E1%84%89%E1%85%A1%E1%86%B7%E1%84%8C%E1%85%A5%E1%86%BC+%E1%84%8B%E1%85%A6%E1%84%87%E1%85%B3%E1%84%85%E1%85%B5%E1%84%90%E1%85%A1%E1%84%8B%E1%85%B5%E1%86%B7+%E1%84%89%E1%85%A3%E1%86%BA+(20ml+x+20%E1%84%87%E1%85%A7%E1%86%BC).jpeg
건강,건강,삼대오백 BCAA 운동인을 위한 부스터 아르기닌,22900,,https://gift.kakao.com/product/5297984,https://carefli-github-actions-s3-bucket.s3.ap-northeast-2.amazonaws.com/giftImages/%22For+%E1%84%8B%E1%85%AE%E1%86%AB%E1%84%83%E1%85%A9%E1%86%BC%E1%84%92%E1%85%A1%E1%84%82%E1%85%B3%E1%86%AB+%E1%84%92%E1%85%A6%E1%86%AF%E1%84%89%E1%85%B3%E1%84%8B%E1%85%B5%E1%86%AB%22+%E1%84%89%E1%85%A1%E1%86%B7%E1%84%83%E1%85%A2%E1%84%8B%E1%85%A9%E1%84%87%E1%85%A2%E1%86%A8+BCAA+%E1%84%8B%E1%85%AE%E1%86%AB%E1%84%83%E1%85%A9%E1%86%BC%E1%84%8B%E1%85%B5%E1%86%AB%E1%84%8B%E1%85%B3%E1%86%AF+%E1%84%8B%E1%85%B1%E1%84%92%E1%85%A1%E1%86%AB+%E1%84%87%E1%85%AE%E1%84%89%E1%85%B3%E1%84%90%E1%85%A5+%5B%E1%84%8B%E1%85%A1%E1%84%85%E1%85%B3%E1%84%80%E1%85%B5%E1%84%82%E1%85%B5%E1%86%AB%5D.jpeg
식품,과일,"파머스기프트 프리미엄 과일선물세트 7종 올리브 1호(멜론, 애플망고) 4kg 이상",52800,,https://gift.kakao.com/product/2407379,https://carefli-github-actions-s3-bucket.s3.ap-northeast-2.amazonaws.com/giftImages/%5B%E1%84%91%E1%85%A1%E1%84%86%E1%85%A5%E1%84%89%E1%85%B3%E1%84%80%E1%85%B5%E1%84%91%E1%85%B3%E1%84%90%E1%85%B3%5D+%E1%84%91%E1%85%B3%E1%84%85%E1%85%B5%E1%84%86%E1%85%B5%E1%84%8B%E1%85%A5%E1%86%B7+%E1%84%80%E1%85%AA%E1%84%8B%E1%85%B5%E1%86%AF%E1%84%89%E1%85%A5%E1%86%AB%E1%84%86%E1%85%AE%E1%86%AF%E1%84%89%E1%85%A6%E1%84%90%E1%85%B3+7%E1%84%8C%E1%85%A9%E1%86%BC+%E1%84%8B%E1%85%A9%E1%86%AF%E1%84%85%E1%85%B5%E1%84%87%E1%85%B31%E1%84%92%E1%85%A9(%E1%84%86%E1%85%A6%E1%86%AF%E1%84%85%E1%85%A9%E1%86%AB%2C%E1%84%8B%E1%85%A2%E1%84%91%E1%85%B3%E1%86%AF%E1%84%86%E1%85%A1%E1%86%BC%E1%84%80%E1%85%A9)4kg%E1%84%8B%E1%85%B5%E1%84%89%E1%85%A1%E1%86%BC.jpeg
식품,과일,"온브릭스 격이 다른 맛, 고당도 샤인머스캣 650g 이상",15900,,https://gift.kakao.com/product/3471562,https://carefli-github-actions-s3-bucket.s3.ap-northeast-2.amazonaws.com/giftImages/%E1%84%80%E1%85%A7%E1%86%A8%E1%84%8B%E1%85%B5+%E1%84%83%E1%85%A1%E1%84%85%E1%85%B3%E1%86%AB+%E1%84%86%E1%85%A1%E1%86%BA%2C+%E1%84%80%E1%85%A9%E1%84%83%E1%85%A1%E1%86%BC%E1%84%83%E1%85%A9+%E1%84%89%E1%85%A3%E1%84%8B%E1%85%B5%E1%86%AB%E1%84%86%E1%85%A5%E1%84%89%E1%85%B3%E1%84%8F%E1%85%A2%E1%86%BA+650g%E1%84%8B%E1%85%B5%E1%84%89%E1%85%A1%E1%86%BC+(17Brix%E1%84%8B%E1%85%B5%E1%84%89%E1%85%A1%E1%86%BC%3A%E1%84%90%E1%85%B3%E1%86%A8%E1%84%91%E1%85%AE%E1%86%B7).jpeg
식품,식품,하루견과 견과선물세트 원데이오리지널 30봉+30봉,23900,,https://gift.kakao.com/product/279630,https://carefli-github-actions-s3-bucket.s3.ap-northeast-2.amazonaws.com/giftImages/%E1%84%92%E1%85%A1%E1%84%85%E1%85%AE%E1%84%80%E1%85%A7%E1%86%AB%E1%84%80%E1%85%AA+%E1%84%8B%E1%85%AF%E1%86%AB%E1%84%83%E1%85%A6%E1%84%8B%E1%85%B5%E1%84%8B%E1%85%A9%E1%84%85%E1%85%B5%E1%84%8C%E1%85%B5%E1%84%82%E1%85%A5%E1%86%AF+30%E1%84%87%E1%85%A9%E1%86%BC%2B30%E1%84%87%E1%85%A9%E1%86%BC+%5B%E1%84%80%E1%85%A7%E1%86%AB%E1%84%80%E1%85%AA%E1%84%89%E1%85%A5%E1%86%AB%E1%84%86%E1%85%AE%E1%86%AF%E1%84%89%E1%85%A6%E1%84%90%E1%85%B3%5D.jpeg
식품,식품,TWG Tea 티백 베스트 셀렉션 5종 택1,39500,,https://gift.kakao.com/product/842313,https://carefli-github-actions-s3-bucket.s3.ap-northeast-2.amazonaws.com/giftImages/TWG+Tea+%E1%84%90%E1%85%B5%E1%84%87%E1%85%A2%E1%86%A8+%E1%84%87%E1%85%A6%E1%84%89%E1%85%B3%E1%84%90%E1%85%B3%E1%84%89%E1%85%A6%E1%86%AF%E1%84%85%E1%85%A6%E1%86%A8%E1%84%89%E1%85%A7%E1%86%AB+(5%E1%84%8C%E1%85%A9%E1%86%BC%E1%84%90%E1%85%A2%E1%86%A8%E1%84%8B%E1%85%B5%E1%86%AF).jpeg
식품,식품,푸드장 프리미엄 구이 선물세트 1.15kg(부채살+살치살+토시살+소목등심(척아이롤)),49900,,https://gift.kakao.com/product/5259781,https://carefli-github-actions-s3-bucket.s3.ap-northeast-2.amazonaws.com/giftImages/%5B%E1%84%83%E1%85%A1%E1%86%AB%E1%84%83%E1%85%A9%E1%86%A8%5D%E1%84%91%E1%85%AE%E1%84%83%E1%85%B3%E1%84%8C%E1%85%A1%E1%86%BC+%E1%84%91%E1%85%B3%E1%84%85%E1%85%B5%E1%84%86%E1%85%B5%E1%84%8B%E1%85%A5%E1%86%B7+%E1%84%80%E1%85%AE%E1%84%8B%E1%85%B5+%E1%84%89%E1%85%A5%E1%86%AB%E1%84%86%E1%85%AE%E1%86%AF%E1%84%89%E1%85%A6%E1%84%90%E1%85%B31.15kg(%E1%84%87%E1%85%AE%E1%84%8E%E1%85%A2%E1%84%89%E1%85%A1%E1%86%AF%2B%E1%84%89%E1%85%A1%E1%86%AF%E1%84%8E%E1%85%B5%E1%84%89%E1%85%A1%E1%86%AF%2B%E1%84%90%E1%85%A9%E1%84%89%E1%85%B5%E1%84%89%E1%85%A1%E1%86%AF%2B%E1%84%89%E1%85%A9%E1%84%86%E1%85%A9%E1%86%A8%E1%84%83%E1%85%B3%E1%86%BC%E1%84%89%E1%85%B5%E1%86%B7(%E1%84%8E%E1%85%A5%E1%86%A8%E1%84%8B%E1%85%A1%E1%84%8B%E1%85%B5%E1%84%85%E1%85%A9%E1%86%AF)).jpeg
식품,식품,경복궁 전통 한 상 세트(한우떡갈비+한우사골고기곰탕+칼집 LA갈비),55000,,https://gift.kakao.com/product/3793227,https://carefli-github-actions-s3-bucket.s3.ap-northeast-2.amazonaws.com/giftImages/%5B%E1%84%80%E1%85%A7%E1%86%BC%E1%84%87%E1%85%A9%E1%86%A8%E1%84%80%E1%85%AE%E1%86%BC%5D+%E1%84%8C%E1%85%A5%E1%86%AB%E1%84%90%E1%85%A9%E1%86%BC+%E1%84%92%E1%85%A1%E1%86%AB+%E1%84%89%E1%85%A1%E1%86%BC+%E1%84%89%E1%85%A6%E1%84%90%E1%85%B3(%E1%84%92%E1%85%A1%E1%86%AB%E1%84%8B%E1%85%AE%E1%84%84%E1%85%A5%E1%86%A8%E1%84%80%E1%85%A1%E1%86%AF%E1%84%87%E1%85%B5%2B%E1%84%92%E1%85%A1%E1%86%AB%E1%84%8B%E1%85%AE%E1%84%89%E1%85%A1%E1%84%80%E1%85%A9%E1%86%AF%E1%84%80%E1%85%A9%E1%84%80%E1%85%B5%E1%84%80%E1%85%A9%E1%86%B7%E1%84%90%E1%85%A1%E1%86%BC%2B%E1%84%8F%E1%85%A1%E1%86%AF%E1%84%8C%E1%85%B5%E1%86%B8+LA%E1%84%80%E1%85%A1%E1%86%AF%E1%84%87%E1%85%B5).jpeg
식품,식품,바담 순천참한우 1등급 참한 한우 총 중량1.2kg(등심600g+안심300g+채끝300g),119000,,https://gift.kakao.com/product/428279,https://carefli-github-actions-s3-bucket.s3.ap-northeast-2.amazonaws.com/giftImages/%E1%84%89%E1%85%AE%E1%86%AB%E1%84%8E%E1%85%A5%E1%86%AB%E1%84%8E%E1%85%A1%E1%86%B7%E1%84%92%E1%85%A1%E1%86%AB%E1%84%8B%E1%85%AE+1%E1%84%83%E1%85%B3%E1%86%BC%E1%84%80%E1%85%B3%E1%86%B8+%22%E1%84%8E%E1%85%A1%E1%86%B7%E1%84%92%E1%85%A1%E1%86%AB+%E1%84%92%E1%85%A1%E1%86%AB%E1%84%8B%E1%85%AE%22+%E1%84%8E%E1%85%A9%E1%86%BC+%E1%84%8C%E1%85%AE%E1%86%BC%E1%84%85%E1%85%A3%E1%86%BC1.2kg(%E1%84%83%E1%85%B3%E1%86%BC%E1%84%89%E1%85%B5%E1%86%B7600g%2B%E1%84%8B%E1%85%A1%E1%86%AB%E1%84%89%E1%85%B5%E1%86%B7300g%2B%E1%84%8E%E1%85%A2%E1%84%81%E1%85%B3%E1%87%80300g).jpeg
디지털/가전,가전,오아 감성 블루투스 무선스피커 아이브릭 미니 스피커(OABTSPEAKER2),22900,,https://gift.kakao.com/product/507374,https://carefli-github-actions-s3-bucket.s3.ap-northeast-2.amazonaws.com/giftImages/%5B%E1%84%8C%E1%85%A1%E1%84%8E%E1%85%B1%3A%E1%84%8C%E1%85%B5%E1%86%B8%E1%84%83%E1%85%B3%E1%86%AF%E1%84%8B%E1%85%B5%E1%84%89%E1%85%A5%E1%86%AB%E1%84%86%E1%85%AE%E1%86%AF%5D+%E1%84%80%E1%85%A1%E1%86%B7%E1%84%89%E1%85%A5%E1%86%BC+%E1%84%87%E1%85%B3%E1%86%AF%E1%84%85%E1%85%AE%E1%84%90%E1%85%AE%E1%84%89%E1%85%B3+%E1%84%86%E1%85%AE%E1%84%89%E1%85%A5%E1%86%AB%E1%84%89%E1%85%B3%E1%84%91%E1%85%B5%E1%84%8F%E1%85%A5+%E1%84%8B%E1%85%A9%E1%84%8B%E1%85%A1+%E1%84%8B%E1%85%A1%E1%84%8B%E1%85%B5%E1%84%87%E1%85%B3%E1%84%85%E1%85%B5%E1%86%A8+%E1%84%86%E1%85%B5%E1%84%82%E1%85%B5+%E1%84%89%E1%85%B3%E1%84%91%E1%85%B5%E1%84%8F%E1%85%A5.jpeg
디지털/가전,가전,"인스탁스 미니12 패키지 (필름 10매, 케이스, 스트랩, 패키지박스)",132000,,https://gift.kakao.com/product/7066537,https://carefli-github-actions-s3-bucket.s3.ap-northeast-2.amazonaws.com/giftImages/%5B%E1%84%83%E1%85%A1%E1%86%AB%E1%84%83%E1%85%A9%E1%86%A8%3A%E1%84%89%E1%85%A5%E1%86%AB%E1%84%86%E1%85%AE%E1%86%AF%E1%84%91%E1%85%A9%E1%84%8C%E1%85%A1%E1%86%BC%5D+%E1%84%8B%E1%85%B5%E1%86%AB%E1%84%89%E1%85%B3%E1%84%90%E1%85%A1%E1%86%A8%E1%84%89%E1%85%B3+%E1%84%86%E1%85%B5%E1%84%82%E1%85%B512+%E1%84%91%E1%85%A2%E1%84%8F%E1%85%B5%E1%84%8C%E1%85%B5+(%E1%84%91%E1%85%B5%E1%86%AF%E1%84%85%E1%85%B3%E1%86%B7+10%E1%84%86%E1%85%A2%2C+%E1%84%8F%E1%85%A6%E1%84%8B%E1%85%B5%E1%84%89%E1%85%B3%2C+%E1%84%89%E1%85%B3%E1%84%90%E1%85%B3%E1%84%85%E1%85%A2%E1%86%B8%2C+%E1%84%91%E1%85%A2%E1%84%8F%E1%85%B5%E1%84%8C%E1%85%B5%E1%84%87%E1%85%A1%E1%86%A8%E1%84%89%E1%85%B3).png
디지털/가전,가전,코닥 Ultra F9 필름 다회용 카메라 (4종 택1) + 코닥 컬러필름 1롤 Set,69000,,https://gift.kakao.com/product/2857120,https://carefli-github-actions-s3-bucket.s3.ap-northeast-2.amazonaws.com/giftImages/%E1%84%8F%E1%85%A9%E1%84%83%E1%85%A1%E1%86%A8+Ultra+F9+%E1%84%91%E1%85%B5%E1%86%AF%E1%84%85%E1%85%B3%E1%86%B7+%E1%84%83%E1%85%A1%E1%84%92%E1%85%AC%E1%84%8B%E1%85%AD%E1%86%BC+%E1%84%8F%E1%85%A1%E1%84%86%E1%85%A6%E1%84%85%E1%85%A1+(4%E1%84%8C%E1%85%A9%E1%86%BC+%E1%84%8C%E1%85%AE%E1%86%BC+%E1%84%90%E1%85%A2%E1%86%A81)+%2B+%E1%84%8F%E1%85%A9%E1%84%83%E1%85%A1%E1%86%A8+%E1%84%8F%E1%85%A5%E1%86%AF%E1%84%85%E1%85%A5%E1%84%91%E1%85%B5%E1%86%AF%E1%84%85%E1%85%B3%E1%86%B7+1%E1%84%85%E1%85%A9%E1%86%AF+Set+%E1%84%86%E1%85%A9%E1%84%8B%E1%85%B3%E1%86%B7%E1%84%8C%E1%85%A5%E1%86%AB.jpeg
디지털/가전,가전,슬룸 무선 진동 안마기 허리베개프로 마사지기 & 요추 맞춤 허리베개,89000,,https://gift.kakao.com/product/8143005,https://carefli-github-actions-s3-bucket.s3.ap-northeast-2.amazonaws.com/giftImages/%22%E1%84%82%E1%85%AE%E1%86%B8%E1%84%82%E1%85%B3%E1%86%AB+%E1%84%89%E1%85%AE%E1%86%AB%E1%84%80%E1%85%A1%E1%86%AB+%E1%84%92%E1%85%A5%E1%84%85%E1%85%B5%E1%84%80%E1%85%A1+%E1%84%8D%E1%85%AA%E1%86%A8!+%E1%84%91%E1%85%A7%E1%86%AB%E1%84%92%E1%85%A2%E1%84%8C%E1%85%A7%E1%84%8B%E1%85%AD%22+%E1%84%87%E1%85%AE%E1%84%86%E1%85%A9%E1%84%82%E1%85%B5%E1%86%B7+%E1%84%92%E1%85%AD%E1%84%83%E1%85%A9+%E1%84%89%E1%85%A5%E1%86%AB%E1%84%86%E1%85%AE%E1%86%AF+%E1%84%86%E1%85%AE%E1%84%89%E1%85%A5%E1%86%AB+%E1%84%8C%E1%85%B5%E1%86%AB%E1%84%83%E1%85%A9%E1%86%BC+%E1%84%8B%E1%85%A1%E1%86%AB%E1%84%86%E1%85%A1%E1%84%80%E1%85%B5+%E1%84%92%E1%85%A5%E1%84%85%E1%85%B5%E1%84%87%E1%85%A6%E1%84%80%E1%85%A2%E1%84%91%E1%85%B3%E1%84%85%E1%85%A9+%E1%84%86%E1%85%A1%E1%84%89%E1%85%A1%E1%84%8C%E1%85%B5%E1%84%80%E1%85%B5+%26+%E1%84%8B%E1%85%AD%E1%84%8E%E1%85%AE+%E1%84%86%E1%85%A1%E1%86%BD%E1%84%8E%E1%85%AE%E1%86%B7+%E1%84%92%E1%85%A5%E1%84%85%E1%85%B5%E1%84%87%E1%85%A6%E1%84%80%E1%85%A2.jpeg
디지털/가전,가전,오엘라 발마사지기 공기압 롤링 마사지기,57900,,https://gift.kakao.com/product/10136956,https://carefli-github-actions-s3-bucket.s3.ap-northeast-2.amazonaws.com/giftImages/%22%E1%84%87%E1%85%AE%E1%84%86%E1%85%A9%E1%84%82%E1%85%B5%E1%86%B7+%E1%84%92%E1%85%AD%E1%84%83%E1%85%A9%E1%84%89%E1%85%A5%E1%86%AB%E1%84%86%E1%85%AE%E1%86%AF%22+%E1%84%89%E1%85%A2%E1%86%BC%E1%84%8B%E1%85%B5%E1%86%AF+%E1%84%8B%E1%85%B5%E1%86%B7%E1%84%89%E1%85%B5%E1%86%AB+%E1%84%8E%E1%85%AE%E1%86%AF%E1%84%89%E1%85%A1%E1%86%AB+%E1%84%8E%E1%85%B5%E1%86%AB%E1%84%80%E1%85%AE%E1%84%89%E1%85%A5%E1%86%AB%E1%84%86%E1%85%AE%E1%86%AF+%3A+%E1%84%87%E1%85%A1%E1%86%AF%E1%84%86%E1%85%A1%E1%84%89%E1%85%A1%E1%84%8C%E1%85%B5%E1%84%80%E1%85%B5+%E1%84%80%E1%85%A9%E1%86%BC%E1%84%80%E1%85%B5%E1%84%8B%E1%85%A1%E1%86%B8+%E1%84%85%E1%85%A9%E1%86%AF%E1%84%85%E1%85%B5%E1%86%BC+%E1%84%86%E1%85%A1%E1%84%89%E1%85%A1%E1%84%8C%E1%85%B5%E1%84%80%E1%85%B5.jpeg
디지털/가전,가전,로지텍 무선 블루투스 키보드 K380S 파우치 세트,39900,,https://gift.kakao.com/product/870516,https://carefli-github-actions-s3-bucket.s3.ap-northeast-2.amazonaws.com/giftImages/%5B%E1%84%89%E1%85%A5%E1%86%AB%E1%84%86%E1%85%AE%E1%86%AF%E1%84%92%E1%85%A1%E1%84%80%E1%85%B5+%E1%84%8B%E1%85%A6%E1%84%83%E1%85%B5%E1%84%89%E1%85%A7%E1%86%AB%5D+%E1%84%85%E1%85%A9%E1%84%8C%E1%85%B5%E1%84%90%E1%85%A6%E1%86%A8+%E1%84%86%E1%85%AE%E1%84%89%E1%85%A5%E1%86%AB+%E1%84%87%E1%85%B3%E1%86%AF%E1%84%85%E1%85%AE%E1%84%90%E1%85%AE%E1%84%89%E1%85%B3+%E1%84%8F%E1%85%B5%E1%84%87%E1%85%A9%E1%84%83%E1%85%B3+K380S+%E1%84%91%E1%85%A1%E1%84%8B%E1%85%AE%E1%84%8E%E1%85%B5+%E1%84%89%E1%85%A6%E1%84%90%E1%85%B3.png
디지털/가전,가전,"하드라인 도킹형 보조배터리 2 in1 거치대기능 아이폰 삼성 5,000mAh",11900,,https://gift.kakao.com/product/6821774,https://carefli-github-actions-s3-bucket.s3.ap-northeast-2.amazonaws.com/giftImages/%5B%E1%84%8B%E1%85%AC%E1%84%8E%E1%85%AE%E1%86%AF%3A%E1%84%8B%E1%85%A7%E1%84%92%E1%85%A2%E1%86%BC%E1%84%89%E1%85%A5%E1%86%AB%E1%84%86%E1%85%AE%E1%86%AF%5D+%E1%84%92%E1%85%A1%E1%84%83%E1%85%B3%E1%84%85%E1%85%A1%E1%84%8B%E1%85%B5%E1%86%AB+%E1%84%83%E1%85%A9%E1%84%8F%E1%85%B5%E1%86%BC%E1%84%92%E1%85%A7%E1%86%BC+%E1%84%87%E1%85%A9%E1%84%8C%E1%85%A9%E1%84%87%E1%85%A2%E1%84%90%E1%85%A5%E1%84%85%E1%85%B5+2in1+%E1%84%92%E1%85%B2%E1%84%83%E1%85%A2%E1%84%8B%E1%85%AD%E1%86%BC+%E1%84%87%E1%85%A9%E1%84%8C%E1%85%A9%E1%84%87%E1%85%A2%E1%84%90%E1%85%A5%E1%84%85%E1%85%B5+%E1%84%80%E1%85%A5%E1%84%8E%E1%85%B5%E1%84%83%E1%85%A2%E1%84%80%E1%85%B5%E1%84%82%E1%85%B3%E1%86%BC+%E1%84%8B%E1%85%A1%E1%84%8B%E1%85%B5%E1%84%91%E1%85%A9%E1%86%AB+%E1%84%89%E1%85%A1%E1%86%B7%E1%84%89%E1%85%A5%E1%86%BC+5%2C000mAh.jpeg
디지털/가전,가전,블몬 미니 무중력 물멍 가습기 usb 무드등 백색소음 가습기,44900,,https://gift.kakao.com/product/5748556,https://carefli-github-actions-s3-bucket.s3.ap-northeast-2.amazonaws.com/giftImages/(%E1%84%8C%E1%85%A5%E1%86%AB%E1%84%8B%E1%85%AD%E1%86%BC%E1%84%8B%E1%85%A5%E1%84%83%E1%85%A2%E1%86%B8%E1%84%90%E1%85%A5%E1%84%8C%E1%85%B3%E1%86%BC%E1%84%8C%E1%85%A5%E1%86%BC)%E1%84%86%E1%85%B5%E1%84%82%E1%85%B5+%E1%84%86%E1%85%AE%E1%84%8C%E1%85%AE%E1%86%BC%E1%84%85%E1%85%A7%E1%86%A8+%E1%84%86%E1%85%AE%E1%86%AF%E1%84%86%E1%85%A5%E1%86%BC+%E1%84%80%E1%85%A1%E1%84%89%E1%85%B3%E1%86%B8%E1%84%80%E1%85%B5+usb+%E1%84%86%E1%85%AE%E1%84%83%E1%85%B3%E1%84%83%E1%85%B3%E1%86%BC+%E1%84%87%E1%85%A2%E1%86%A8%E1%84%89%E1%85%A2%E1%86%A8%E1%84%89%E1%85%A9%E1%84%8B%E1%85%B3%E1%86%B7+%E1%84%80%E1%85%A1%E1%84%89%E1%85%B3%E1%86%B8%E1%84%80%E1%85%B5.jpeg
디지털/가전,가전,돌체구스토 캡슐 커피머신 인피니시마 터치 +스타벅스GIFT(캡슐 웰컴키트+카푸치노머그),89900,,https://gift.kakao.com/product/5442505,https://carefli-github-actions-s3-bucket.s3.ap-northeast-2.amazonaws.com/giftImages/%E1%84%83%E1%85%A9%E1%86%AF%E1%84%8E%E1%85%A6%E1%84%80%E1%85%AE%E1%84%89%E1%85%B3%E1%84%90%E1%85%A9+%E1%84%8F%E1%85%A2%E1%86%B8%E1%84%89%E1%85%B2%E1%86%AF+%E1%84%8F%E1%85%A5%E1%84%91%E1%85%B5%E1%84%86%E1%85%A5%E1%84%89%E1%85%B5%E1%86%AB+%E1%84%8B%E1%85%B5%E1%86%AB%E1%84%91%E1%85%B5%E1%84%82%E1%85%B5%E1%84%89%E1%85%B5%E1%84%86%E1%85%A1+%E1%84%90%E1%85%A5%E1%84%8E%E1%85%B5+%2B%E1%84%89%E1%85%B3%E1%84%90%E1%85%A1%E1%84%87%E1%85%A5%E1%86%A8%E1%84%89%E1%85%B3GIFT(%E1%84%8F%E1%85%A2%E1%86%B8%E1%84%89%E1%85%B2%E1%86%AF+%E1%84%8B%E1%85%B0%E1%86%AF%E1%84%8F%E1%85%A5%E1%86%B7%E1%84%8F%E1%85%B5%E1%84%90%E1%85%B3%2B%E1%84%8F%E1%85%A1%E1%84%91%E1%85%AE%E1%84%8E%E1%85%B5%E1%84%82%E1%85%A9%E1%84%86%E1%85%A5%E1%84%80%E1%85%B3).jpeg
도서/음반/티켓,잡화,노르잇 투명독서대 높이조절 PR01A 인기 독서대,28900,,https://gift.kakao.com/product/7445830,https://carefli-github-actions-s3-bucket.s3.ap-northeast-2.amazonaws.com/giftImages/%E1%84%82%E1%85%A9%E1%84%85%E1%85%B3%E1%84%8B%E1%85%B5%E1%86%BA+%E1%84%90%E1%85%AE%E1%84%86%E1%85%A7%E1%86%BC%E1%84%83%E1%85%A9%E1%86%A8%E1%84%89%E1%85%A5%E1%84%83%E1%85%A2+%E1%84%82%E1%85%A9%E1%87%81%E1%84%8B%E1%85%B5%E1%84%8C%E1%85%A9%E1%84%8C%E1%85%A5%E1%86%AF+PR01A+.jpeg
도서/음반/티켓,잡화,친구가 고르는 문학동네시인선 33,13300,,https://gift.kakao.com/product/8088412,https://carefli-github-actions-s3-bucket.s3.ap-northeast-2.amazonaws.com/giftImages/%E1%84%8E%E1%85%B5%E1%86%AB%E1%84%80%E1%85%AE%E1%84%80%E1%85%A1+%E1%84%80%E1%85%A9%E1%84%85%E1%85%B3%E1%84%82%E1%85%B3%E1%86%AB+%E1%84%86%E1%85%AE%E1%86%AB%E1%84%92%E1%85%A1%E1%86%A8%E1%84%83%E1%85%A9%E1%86%BC%E1%84%82%E1%85%A6%E1%84%89%E1%85%B5%E1%84%8B%E1%85%B5%E1%86%AB%E1%84%89%E1%85%A5%E1%86%AB+33.jpeg
도서/음반/티켓,금액권,교보문고 기프트카드 3만원권,30000,,https://gift.kakao.com/product/555854,https://carefli-github-actions-s3-bucket.s3.ap-northeast-2.amazonaws.com/giftImages/%E1%84%80%E1%85%AD%E1%84%87%E1%85%A9%E1%84%86%E1%85%AE%E1%86%AB%E1%84%80%E1%85%A9+%E1%84%80%E1%85%B5%E1%84%91%E1%85%B3%E1%84%90%E1%85%B3%E1%84%8F%E1%85%A1%E1%84%83%E1%85%B3+3%E1%84%86%E1%85%A1%E1%86%AB%E1%84%8B%E1%85%AF%E1%86%AB%E1%84%80%E1%85%AF%E1%86%AB.png
도서/음반/티켓,금액권,"문화상품권 교환권 50,000원권",50000,,https://gift.kakao.com/product/6443195,https://carefli-github-actions-s3-bucket.s3.ap-northeast-2.amazonaws.com/giftImages/%E1%84%86%E1%85%AE%E1%86%AB%E1%84%92%E1%85%AA%E1%84%89%E1%85%A1%E1%86%BC%E1%84%91%E1%85%AE%E1%86%B7%E1%84%80%E1%85%AF%E1%86%AB%5BPIN%5D%E1%84%80%E1%85%AD%E1%84%92%E1%85%AA%E1%86%AB%E1%84%80%E1%85%AF%E1%86%AB+50%2C000%E1%84%8B%E1%85%AF%E1%86%AB%E1%84%80%E1%85%AF%E1%86%AB.png
도서/음반/티켓,잡화,"""잘했고 잘하고 있고 잘 될 것이다"" + 리브인리프 생화꽃다발",38500,,https://gift.kakao.com/product/2486087,https://carefli-github-actions-s3-bucket.s3.ap-northeast-2.amazonaws.com/giftImages/%22%E1%84%8C%E1%85%A1%E1%86%AF%E1%84%92%E1%85%A2%E1%86%BB%E1%84%80%E1%85%A9+%E1%84%8C%E1%85%A1%E1%86%AF%E1%84%92%E1%85%A1%E1%84%80%E1%85%A9+%E1%84%8B%E1%85%B5%E1%86%BB%E1%84%80%E1%85%A9+%E1%84%8C%E1%85%A1%E1%86%AF+%E1%84%83%E1%85%AC%E1%86%AF+%E1%84%80%E1%85%A5%E1%86%BA%E1%84%8B%E1%85%B5%E1%84%83%E1%85%A1%22+%2B+%E1%84%85%E1%85%B5%E1%84%87%E1%85%B3%E1%84%8B%E1%85%B5%E1%86%AB%E1%84%85%E1%85%B5%E1%84%91%E1%85%B3+%E1%84%89%E1%85%A2%E1%86%BC%E1%84%92%E1%85%AA%E1%84%81%E1%85%A9%E1%86%BE%E1%84%83%E1%85%A1%E1%84%87%E1%85%A1%E1%86%AF.jpeg